term,value
http://purl.obolibrary.org/obo/ZP_0146380,"http://purl.obolibrary.org/obo/CHEBI_89825 brain decreased amount, abnormal"
http://purl.obolibrary.org/obo/ZP_0148423,"http://purl.obolibrary.org/obo/CHEBI_137164 whole organism normal amount, abnormal"
http://purl.obolibrary.org/obo/ZP_0145663,"http://purl.obolibrary.org/obo/CHEBI_16199 whole organism increased amount, abnormal"
http://purl.obolibrary.org/obo/ZP_0145596,"heart decreased process quality http://purl.obolibrary.org/obo/GO_0060951, abnormal"
http://purl.obolibrary.org/obo/ZP_0148040,"http://purl.obolibrary.org/obo/GO_0016328 hatching gland cell decreased amount, abnormal"
http://purl.obolibrary.org/obo/ZP_0148472,"http://purl.obolibrary.org/obo/CHEBI_136479 whole organism decreased amount, abnormal"
http://purl.obolibrary.org/obo/ZP_0148415,"http://purl.obolibrary.org/obo/CHEBI_136259 whole organism normal amount, abnormal"
http://purl.obolibrary.org/obo/ZP_0148192,"http://purl.obolibrary.org/obo/GO_0038201 heart decreased object quality, abnormal"
http://purl.obolibrary.org/obo/ZP_0148457,"http://purl.obolibrary.org/obo/CHEBI_64524 whole organism normal amount, abnormal"
http://purl.obolibrary.org/obo/ZP_0146905,"whole organism decreased occurrence http://purl.obolibrary.org/obo/GO_0006426, abnormal"
http://purl.obolibrary.org/obo/ZP_0147353,"http://purl.obolibrary.org/obo/CHEBI_155817 whole organism normal amount, abnormal"
http://purl.obolibrary.org/obo/ZP_0146601,"whole organism normal process quality http://purl.obolibrary.org/obo/GO_0008177, abnormal"
http://purl.obolibrary.org/obo/ZP_0148389,"http://purl.obolibrary.org/obo/CHEBI_134239 whole organism increased amount, abnormal"
http://purl.obolibrary.org/obo/ZP_0148359,"http://purl.obolibrary.org/obo/CHEBI_134241 sperm decreased amount, abnormal"
http://purl.obolibrary.org/obo/ZP_0148125,"neutrophil decreased process quality http://purl.obolibrary.org/obo/GO_0035020, abnormal"
http://purl.obolibrary.org/obo/ZP_0145699,"http://purl.obolibrary.org/obo/CHEBI_16356 whole organism increased amount, abnormal"
http://purl.obolibrary.org/obo/ZP_0148818,"pancreatic B cell increased occurrence http://purl.obolibrary.org/obo/GO_0043248, abnormal"
http://purl.obolibrary.org/obo/ZP_0148315,"http://purl.obolibrary.org/obo/CHEBI_28875 whole organism increased amount, abnormal"
http://purl.obolibrary.org/obo/ZP_0148034,"premigratory neural crest process quality http://purl.obolibrary.org/obo/GO_0001221, abnormal"
http://purl.obolibrary.org/obo/ZP_0145737,"http://purl.obolibrary.org/obo/GO_1903185 normal process quality, abnormal"
http://purl.obolibrary.org/obo/ZP_0147785,"Purkinje cell normal process quality http://purl.obolibrary.org/obo/GO_0016185, abnormal"
http://purl.obolibrary.org/obo/ZP_0148104,"http://purl.obolibrary.org/obo/CHEBI_71488 muscle decreased amount, abnormal"
http://purl.obolibrary.org/obo/ZP_0148770,"mesonephric podocyte decreased process quality http://purl.obolibrary.org/obo/GO_0061257, abnormal"
http://purl.obolibrary.org/obo/ZP_0148501,"http://purl.obolibrary.org/obo/GO_0140896 increased process quality, abnormal"
http://purl.obolibrary.org/obo/ZP_0148371,"http://purl.obolibrary.org/obo/CHEBI_64431 sperm normal amount, abnormal"
http://purl.obolibrary.org/obo/ZP_0148627,"http://purl.obolibrary.org/obo/BSPO_0000202 retina normal length, abnormal"
http://purl.obolibrary.org/obo/ZP_0146463,"http://purl.obolibrary.org/obo/GO_0051775 disrupted, abnormal"
http://purl.obolibrary.org/obo/ZP_0145508,"http://purl.obolibrary.org/obo/GO_0008303 keratinocyte increased amount, abnormal"
http://purl.obolibrary.org/obo/ZP_0146901,"http://purl.obolibrary.org/obo/CHEBI_29181 whole organism structure, abnormal"
http://purl.obolibrary.org/obo/ZP_0148321,"http://purl.obolibrary.org/obo/CHEBI_42504 whole organism increased amount, abnormal"
http://purl.obolibrary.org/obo/ZP_0148446,"http://purl.obolibrary.org/obo/CHEBI_156044 whole organism normal amount, abnormal"
http://purl.obolibrary.org/obo/ZP_0148778,"brain increased spatial extent of a process http://purl.obolibrary.org/obo/GO_1990841, abnormal"
http://purl.obolibrary.org/obo/ZP_0148892,"http://purl.obolibrary.org/obo/GO_0043992 increased occurrence, abnormal"
http://purl.obolibrary.org/obo/ZP_0147360,"http://purl.obolibrary.org/obo/CHEBI_36498 liver normal amount, abnormal"
http://purl.obolibrary.org/obo/ZP_0145929,"http://purl.obolibrary.org/obo/CHEBI_24148 whole organism increased amount, abnormal"
http://purl.obolibrary.org/obo/ZP_0148382,"http://purl.obolibrary.org/obo/CHEBI_64526 sperm normal amount, abnormal"
http://purl.obolibrary.org/obo/ZP_0148758,"blastema increased magnitude http://purl.obolibrary.org/obo/GO_0106056, abnormal"
http://purl.obolibrary.org/obo/ZP_0148749,"preoptic area increased frequency http://purl.obolibrary.org/obo/GO_0099605, abnormal"
http://purl.obolibrary.org/obo/ZP_0147677,"tail bud http://purl.obolibrary.org/obo/PATO_0002501, abnormal"
http://purl.obolibrary.org/obo/ZP_0148893,"http://purl.obolibrary.org/obo/GO_0044017 increased occurrence, abnormal"
http://purl.obolibrary.org/obo/ZP_0148440,"http://purl.obolibrary.org/obo/CHEBI_156031 whole organism normal amount, abnormal"
http://purl.obolibrary.org/obo/ZP_0146170,"http://purl.obolibrary.org/obo/CHEBI_15641 whole organism decreased amount, abnormal"
http://purl.obolibrary.org/obo/ZP_0148435,"http://purl.obolibrary.org/obo/CHEBI_141590 whole organism normal amount, abnormal"
http://purl.obolibrary.org/obo/ZP_0148780,"brain spatial distribution of a process http://purl.obolibrary.org/obo/GO_1990841, abnormal"
http://purl.obolibrary.org/obo/ZP_0148474,"http://purl.obolibrary.org/obo/CHEBI_155834 whole organism increased amount, abnormal"
http://purl.obolibrary.org/obo/ZP_0148351,"http://purl.obolibrary.org/obo/GO_0032640 increased magnitude, abnormal"
http://purl.obolibrary.org/obo/ZP_0148467,"http://purl.obolibrary.org/obo/CHEBI_72057 whole organism decreased amount, abnormal"
http://purl.obolibrary.org/obo/ZP_0148098,"http://purl.obolibrary.org/obo/CHEBI_27432 liver decreased amount, abnormal"
http://purl.obolibrary.org/obo/ZP_0145730,"http://purl.obolibrary.org/obo/GO_0010257 normal process quality, abnormal"
http://purl.obolibrary.org/obo/ZP_0148475,"http://purl.obolibrary.org/obo/CHEBI_156030 whole organism decreased amount, abnormal"
http://purl.obolibrary.org/obo/ZP_0148378,"http://purl.obolibrary.org/obo/CHEBI_64521 sperm normal amount, abnormal"
http://purl.obolibrary.org/obo/ZP_0145903,"optic tectum increased rate of continuous process http://purl.obolibrary.org/obo/GO_0019227, abnormal"
http://purl.obolibrary.org/obo/ZP_0148033,"neural plate border process quality http://purl.obolibrary.org/obo/GO_0001221, abnormal"
http://purl.obolibrary.org/obo/ZP_0147690,"http://purl.obolibrary.org/obo/CHEBI_27432 liver increased amount, abnormal"
http://purl.obolibrary.org/obo/ZP_0145604,"macrophage increased efficacy http://purl.obolibrary.org/obo/GO_0035771, abnormal"
http://purl.obolibrary.org/obo/ZP_0148364,"http://purl.obolibrary.org/obo/CHEBI_134429 sperm normal amount, abnormal"
http://purl.obolibrary.org/obo/ZP_0146441,"myotome http://purl.obolibrary.org/obo/PATO_0015019, abnormal"
http://purl.obolibrary.org/obo/ZP_0146558,"myelinating Schwann cell increased process quality http://purl.obolibrary.org/obo/GO_0001905, abnormal"
http://purl.obolibrary.org/obo/ZP_0145724,"http://purl.obolibrary.org/obo/GO_0006589 decreased process quality, abnormal"
http://purl.obolibrary.org/obo/ZP_0147367,"http://purl.obolibrary.org/obo/CHEBI_89446 brain normal amount, abnormal"
http://purl.obolibrary.org/obo/ZP_0148458,"http://purl.obolibrary.org/obo/CHEBI_64525 whole organism normal amount, abnormal"
http://purl.obolibrary.org/obo/ZP_0148317,"http://purl.obolibrary.org/obo/CHEBI_30813 whole organism increased amount, abnormal"
http://purl.obolibrary.org/obo/ZP_0148671,"http://purl.obolibrary.org/obo/CHEBI_17627 whole organism normal amount, abnormal"
http://purl.obolibrary.org/obo/ZP_0148452,"http://purl.obolibrary.org/obo/CHEBI_64517 whole organism normal amount, abnormal"
http://purl.obolibrary.org/obo/ZP_0146607,"whole organism http://purl.obolibrary.org/obo/PATO_0001700 circadian sleep/wake cycle, sleep, abnormal"
http://purl.obolibrary.org/obo/ZP_0146964,"spinal cord increased occurrence http://purl.obolibrary.org/obo/GO_0048156, abnormal"
http://purl.obolibrary.org/obo/ZP_0148690,"neutrophil normal process quality http://purl.obolibrary.org/obo/GO_1904666, abnormal"
http://purl.obolibrary.org/obo/ZP_0148860,"http://purl.obolibrary.org/obo/GO_0006730 increased process quality, abnormal"
http://purl.obolibrary.org/obo/ZP_0146201,"whole organism decreased process quality http://purl.obolibrary.org/obo/GO_0036440, abnormal"
http://purl.obolibrary.org/obo/ZP_0148434,"http://purl.obolibrary.org/obo/CHEBI_141589 whole organism increased amount, abnormal"
http://purl.obolibrary.org/obo/ZP_0148459,"http://purl.obolibrary.org/obo/CHEBI_64526 whole organism normal amount, abnormal"
http://purl.obolibrary.org/obo/ZP_0148259,"erythroid lineage cell decreased process quality http://purl.obolibrary.org/obo/GO_0031555, abnormal"
http://purl.obolibrary.org/obo/ZP_0148633,"trunk musculature normal process quality http://purl.obolibrary.org/obo/GO_0014822, abnormal"
http://purl.obolibrary.org/obo/ZP_0148620,"blastema cellular spatiotemporal quality http://purl.obolibrary.org/obo/GO_0106056, abnormal"
http://purl.obolibrary.org/obo/ZP_0145673,"http://purl.obolibrary.org/obo/CHEBI_16199 whole organism normal amount, abnormal"
http://purl.obolibrary.org/obo/ZP_0148312,"http://purl.obolibrary.org/obo/CHEBI_27997 whole organism decreased amount, abnormal"
http://purl.obolibrary.org/obo/ZP_0148144,"dopaminergic neuron normal process quality http://purl.obolibrary.org/obo/GO_0099610, abnormal"
http://purl.obolibrary.org/obo/ZP_0147199,"whole organism decreased process quality http://purl.obolibrary.org/obo/GO_0031507, abnormal"
http://purl.obolibrary.org/obo/ZP_0148396,"http://purl.obolibrary.org/obo/CHEBI_134448 whole organism normal amount, abnormal"
http://purl.obolibrary.org/obo/ZP_0148404,"http://purl.obolibrary.org/obo/CHEBI_136236 whole organism normal amount, abnormal"
http://purl.obolibrary.org/obo/ZP_0148668,"whole organism decreased occurrence http://purl.obolibrary.org/obo/GO_0140954, abnormal"
http://purl.obolibrary.org/obo/ZP_0148227,"caudal fin increased linear velocity http://purl.obolibrary.org/obo/GO_0002210, abnormal"
http://purl.obolibrary.org/obo/ZP_0148281,"http://purl.obolibrary.org/obo/GO_0032228 decreased process quality, abnormal"
http://purl.obolibrary.org/obo/ZP_0146193,"http://purl.obolibrary.org/obo/CHEBI_16724 whole organism decreased amount, abnormal"
http://purl.obolibrary.org/obo/ZP_0147732,"pharyngeal pouch 2 http://purl.obolibrary.org/obo/PATO_0005006 medial region medial region pharyngeal endoderm, abnormal"
http://purl.obolibrary.org/obo/ZP_0145731,"http://purl.obolibrary.org/obo/GO_0033615 decreased process quality, abnormal"
http://purl.obolibrary.org/obo/ZP_0147343,"http://purl.obolibrary.org/obo/GO_0038111 increased process quality, abnormal"
http://purl.obolibrary.org/obo/ZP_0147896,"neuron in contact with node of Ranvier http://purl.obolibrary.org/obo/BSPO_0000044 myelin accumulating cell, abnormal"
http://purl.obolibrary.org/obo/ZP_0146311,"unfertilized egg disrupted http://purl.obolibrary.org/obo/GO_0006636, abnormal"
http://purl.obolibrary.org/obo/ZP_0148482,"http://purl.obolibrary.org/obo/CHEBI_72057 whole organism normal amount, abnormal"
http://purl.obolibrary.org/obo/ZP_0147679,"somite http://purl.obolibrary.org/obo/PATO_0002463 ventral side trunk, abnormal"
http://purl.obolibrary.org/obo/ZP_0148368,"http://purl.obolibrary.org/obo/CHEBI_141590 sperm normal amount, abnormal"
http://purl.obolibrary.org/obo/ZP_0148432,"http://purl.obolibrary.org/obo/CHEBI_141299 whole organism normal amount, abnormal"
http://purl.obolibrary.org/obo/ZP_0148825,"gene expression http://purl.obolibrary.org/obo/PATO_0000438, abnormal"
http://purl.obolibrary.org/obo/ZP_0147365,"http://purl.obolibrary.org/obo/CHEBI_61656 brain normal amount, abnormal"
http://purl.obolibrary.org/obo/ZP_0146701,"http://purl.obolibrary.org/obo/GO_0090653 pronephric proximal convoluted tubule normal amount, abnormal"
http://purl.obolibrary.org/obo/ZP_0148416,"http://purl.obolibrary.org/obo/CHEBI_136260 whole organism increased amount, abnormal"
http://purl.obolibrary.org/obo/ZP_0148461,"http://purl.obolibrary.org/obo/CHEBI_66850 whole organism normal amount, abnormal"
http://purl.obolibrary.org/obo/ZP_0147589,"http://purl.obolibrary.org/obo/GO_1902896 process quality, abnormal"
http://purl.obolibrary.org/obo/ZP_0146691,"cardiac muscle cell increased magnitude http://purl.obolibrary.org/obo/GO_0097623, abnormal"
http://purl.obolibrary.org/obo/ZP_0146392,"http://purl.obolibrary.org/obo/GO_0019227 increased process quality, abnormal"
http://purl.obolibrary.org/obo/ZP_0148386,"http://purl.obolibrary.org/obo/CHEBI_66857 sperm normal amount, abnormal"
http://purl.obolibrary.org/obo/ZP_0148358,"http://purl.obolibrary.org/obo/CHEBI_134239 sperm normal amount, abnormal"
http://purl.obolibrary.org/obo/ZP_0146745,"facial lymphatic network normal process quality http://purl.obolibrary.org/obo/GO_1990183, abnormal"
http://purl.obolibrary.org/obo/ZP_0146705,"http://purl.obolibrary.org/obo/GO_0090653 pronephric proximal convoluted tubule decreased amount, abnormal"
http://purl.obolibrary.org/obo/ZP_0148861,"http://purl.obolibrary.org/obo/GO_0009437 increased process quality, abnormal"
http://purl.obolibrary.org/obo/ZP_0145897,"http://purl.obolibrary.org/obo/GO_0044753 chondrocyte amount, abnormal"
http://purl.obolibrary.org/obo/ZP_0148444,"http://purl.obolibrary.org/obo/CHEBI_156036 whole organism normal amount, abnormal"
http://purl.obolibrary.org/obo/ZP_0148468,"http://purl.obolibrary.org/obo/CHEBI_136220 whole organism decreased amount, abnormal"
http://purl.obolibrary.org/obo/ZP_0146188,"vertebral body end plate http://purl.obolibrary.org/obo/PATO_0001801, abnormal"
http://purl.obolibrary.org/obo/ZP_0148894,"http://purl.obolibrary.org/obo/GO_0046975 decreased occurrence, abnormal"
http://purl.obolibrary.org/obo/ZP_0148420,"http://purl.obolibrary.org/obo/CHEBI_136479 whole organism normal amount, abnormal"
http://purl.obolibrary.org/obo/ZP_0147955,"astrocyte decreased process quality http://purl.obolibrary.org/obo/GO_0051946, abnormal"
http://purl.obolibrary.org/obo/ZP_0146661,"http://purl.obolibrary.org/obo/CHEBI_16610 whole organism decreased amount, abnormal"
http://purl.obolibrary.org/obo/ZP_0145678,"http://purl.obolibrary.org/obo/CHEBI_32484 whole organism increased amount, abnormal"
http://purl.obolibrary.org/obo/ZP_0148460,"http://purl.obolibrary.org/obo/CHEBI_66849 whole organism normal amount, abnormal"
http://purl.obolibrary.org/obo/ZP_0148392,"http://purl.obolibrary.org/obo/CHEBI_134270 whole organism decreased amount, abnormal"
http://purl.obolibrary.org/obo/ZP_0147375,"http://purl.obolibrary.org/obo/CHEBI_61656 liver increased amount, abnormal"
http://purl.obolibrary.org/obo/ZP_0148675,"http://purl.obolibrary.org/obo/GO_0140951 decreased occurrence, abnormal"
http://purl.obolibrary.org/obo/ZP_0147481,"liver normal process quality http://purl.obolibrary.org/obo/GO_0004340, abnormal"
http://purl.obolibrary.org/obo/ZP_0145725,"http://purl.obolibrary.org/obo/GO_0006589 normal process quality, abnormal"
http://purl.obolibrary.org/obo/ZP_0147062,"http://purl.obolibrary.org/obo/GO_0000242 cell disorganized, abnormal"
http://purl.obolibrary.org/obo/ZP_0148875,"http://purl.obolibrary.org/obo/GO_0071228 persistence, abnormal"
http://purl.obolibrary.org/obo/ZP_0148414,"http://purl.obolibrary.org/obo/CHEBI_136258 whole organism decreased amount, abnormal"
http://purl.obolibrary.org/obo/ZP_0146762,"http://purl.obolibrary.org/obo/CHEBI_23378 whole organism increased amount, abnormal"
http://purl.obolibrary.org/obo/ZP_0146482,"http://purl.obolibrary.org/obo/GO_0005652 hepatocyte decreased amount, abnormal"
http://purl.obolibrary.org/obo/ZP_0148388,"http://purl.obolibrary.org/obo/CHEBI_134237 whole organism normal amount, abnormal"
http://purl.obolibrary.org/obo/ZP_0148413,"http://purl.obolibrary.org/obo/CHEBI_136257 whole organism normal amount, abnormal"
http://purl.obolibrary.org/obo/ZP_0148450,"http://purl.obolibrary.org/obo/CHEBI_64433 whole organism normal amount, abnormal"
http://purl.obolibrary.org/obo/ZP_0148330,"http://purl.obolibrary.org/obo/CHEBI_27997 whole organism increased amount, abnormal"
http://purl.obolibrary.org/obo/ZP_0148405,"http://purl.obolibrary.org/obo/CHEBI_136239 whole organism normal amount, abnormal"
http://purl.obolibrary.org/obo/ZP_0148425,"http://purl.obolibrary.org/obo/CHEBI_138567 whole organism normal amount, abnormal"
http://purl.obolibrary.org/obo/ZP_0148394,"http://purl.obolibrary.org/obo/CHEBI_134428 whole organism increased amount, abnormal"
http://purl.obolibrary.org/obo/ZP_0147711,"http://purl.obolibrary.org/obo/GO_0003266 increased process quality, abnormal"
http://purl.obolibrary.org/obo/ZP_0145883,"liver increased process quality http://purl.obolibrary.org/obo/GO_0004069, abnormal"
http://purl.obolibrary.org/obo/ZP_0148366,"http://purl.obolibrary.org/obo/CHEBI_141588 sperm normal amount, abnormal"
http://purl.obolibrary.org/obo/ZP_0148352,"http://purl.obolibrary.org/obo/GO_0032611 increased magnitude, abnormal"
http://purl.obolibrary.org/obo/ZP_0148282,"http://purl.obolibrary.org/obo/GO_0032228 normal process quality, abnormal"
http://purl.obolibrary.org/obo/ZP_0148099,"http://purl.obolibrary.org/obo/CHEBI_27432 muscle decreased amount, abnormal"
http://purl.obolibrary.org/obo/ZP_0146171,"http://purl.obolibrary.org/obo/CHEBI_20502 whole organism decreased amount, abnormal"
http://purl.obolibrary.org/obo/ZP_0145723,"http://purl.obolibrary.org/obo/GO_0001694 normal process quality, abnormal"
http://purl.obolibrary.org/obo/ZP_0148409,"http://purl.obolibrary.org/obo/CHEBI_136247 whole organism normal amount, abnormal"
http://purl.obolibrary.org/obo/ZP_0148421,"http://purl.obolibrary.org/obo/CHEBI_136489 whole organism normal amount, abnormal"
http://purl.obolibrary.org/obo/ZP_0147602,"lens epithelium http://purl.obolibrary.org/obo/PATO_0001189, abnormal"
http://purl.obolibrary.org/obo/ZP_0148384,"http://purl.obolibrary.org/obo/CHEBI_66850 sperm decreased amount, abnormal"
http://purl.obolibrary.org/obo/ZP_0148085,"http://purl.obolibrary.org/obo/CHEBI_27432 muscle increased amount, abnormal"
http://purl.obolibrary.org/obo/ZP_0146472,"http://purl.obolibrary.org/obo/GO_0005044 disrupted, abnormal"
http://purl.obolibrary.org/obo/ZP_0145894,"http://purl.obolibrary.org/obo/GO_0050919 increased process quality, abnormal"
http://purl.obolibrary.org/obo/ZP_0148255,"spinal cord increased process quality http://purl.obolibrary.org/obo/GO_0002210, abnormal"
http://purl.obolibrary.org/obo/ZP_0147813,"whole organism http://purl.obolibrary.org/obo/PATO_0001549 http://purl.obolibrary.org/obo/CHEBI_195533 whole organism, abnormal"
http://purl.obolibrary.org/obo/ZP_0148335,"blood vasculature increased frequency http://purl.obolibrary.org/obo/GO_0016045, abnormal"
http://purl.obolibrary.org/obo/ZP_0148430,"http://purl.obolibrary.org/obo/CHEBI_140362 whole organism normal amount, abnormal"
http://purl.obolibrary.org/obo/ZP_0148441,"http://purl.obolibrary.org/obo/CHEBI_156032 whole organism normal amount, abnormal"
http://purl.obolibrary.org/obo/ZP_0148387,"http://purl.obolibrary.org/obo/GO_0097225 sperm loose, abnormal"
http://purl.obolibrary.org/obo/ZP_0146200,"whole organism decreased process quality http://purl.obolibrary.org/obo/GO_0008177, abnormal"
http://purl.obolibrary.org/obo/ZP_0148094,"http://purl.obolibrary.org/obo/CHEBI_78053 liver normal amount, abnormal"
http://purl.obolibrary.org/obo/ZP_0147998,"mural cell http://purl.obolibrary.org/obo/PATO_0005006 ventricular epicardium, abnormal"
http://purl.obolibrary.org/obo/ZP_0148362,"http://purl.obolibrary.org/obo/CHEBI_134271 sperm increased amount, abnormal"
http://purl.obolibrary.org/obo/ZP_0146271,"http://purl.obolibrary.org/obo/GO_0002041 arrested, abnormal"
http://purl.obolibrary.org/obo/ZP_0148380,"http://purl.obolibrary.org/obo/CHEBI_64524 sperm normal amount, abnormal"
http://purl.obolibrary.org/obo/ZP_0148775,"brain increased process quality http://purl.obolibrary.org/obo/GO_0031958, abnormal"
http://purl.obolibrary.org/obo/ZP_0146190,"http://purl.obolibrary.org/obo/CHEBI_16087 whole organism decreased amount, abnormal"
http://purl.obolibrary.org/obo/ZP_0147588,"http://purl.obolibrary.org/obo/GO_1990794 intestinal epithelial cell mislocalised, abnormal"
http://purl.obolibrary.org/obo/ZP_0146761,"http://purl.obolibrary.org/obo/CHEBI_23378 male organism increased amount, abnormal"
http://purl.obolibrary.org/obo/ZP_0146309,"whole organism process quality http://purl.obolibrary.org/obo/GO_0036440, abnormal"
http://purl.obolibrary.org/obo/ZP_0148419,"http://purl.obolibrary.org/obo/CHEBI_136268 whole organism decreased amount, abnormal"
http://purl.obolibrary.org/obo/ZP_0148228,"caudal fin normal process quality http://purl.obolibrary.org/obo/GO_0002210, abnormal"
http://purl.obolibrary.org/obo/ZP_0148077,"whole organism decreased process quality http://purl.obolibrary.org/obo/GO_0009435, abnormal"
http://purl.obolibrary.org/obo/ZP_0146136,"brain normal process quality http://purl.obolibrary.org/obo/GO_0019227, abnormal"
http://purl.obolibrary.org/obo/ZP_0148412,"http://purl.obolibrary.org/obo/CHEBI_136256 whole organism normal amount, abnormal"
http://purl.obolibrary.org/obo/ZP_0146760,"heart increased process quality http://purl.obolibrary.org/obo/GO_0106056, abnormal"
http://purl.obolibrary.org/obo/ZP_0148624,"whole organism decreased process quality http://purl.obolibrary.org/obo/GO_0048266, abnormal"
http://purl.obolibrary.org/obo/ZP_0147385,"http://purl.obolibrary.org/obo/CHEBI_36498 liver increased amount, abnormal"
http://purl.obolibrary.org/obo/ZP_0148680,"ependymoglial cell increased magnitude http://purl.obolibrary.org/obo/GO_0140993, abnormal"
http://purl.obolibrary.org/obo/ZP_0148445,"http://purl.obolibrary.org/obo/CHEBI_156040 whole organism normal amount, abnormal"
http://purl.obolibrary.org/obo/ZP_0147665,"gill http://purl.obolibrary.org/obo/PATO_0002425, abnormal"
http://purl.obolibrary.org/obo/ZP_0148462,"http://purl.obolibrary.org/obo/CHEBI_66855 whole organism normal amount, abnormal"
http://purl.obolibrary.org/obo/ZP_0145784,"whole organism normal occurrence http://purl.obolibrary.org/obo/GO_0003810, abnormal"
http://purl.obolibrary.org/obo/ZP_0148618,"caudal fin spatial distribution of a process http://purl.obolibrary.org/obo/GO_0061389, abnormal"
http://purl.obolibrary.org/obo/ZP_0146847,"http://purl.obolibrary.org/obo/CHEBI_14314 cardiac muscle cell decreased amount, abnormal"
http://purl.obolibrary.org/obo/ZP_0148436,"http://purl.obolibrary.org/obo/CHEBI_155834 whole organism normal amount, abnormal"
http://purl.obolibrary.org/obo/ZP_0147692,"http://purl.obolibrary.org/obo/CHEBI_32389 liver decreased amount, abnormal"
http://purl.obolibrary.org/obo/ZP_0148862,"http://purl.obolibrary.org/obo/GO_0046656 increased process quality, abnormal"
http://purl.obolibrary.org/obo/ZP_0146739,"facial lymphatic network decreased process quality http://purl.obolibrary.org/obo/GO_1990183, abnormal"
http://purl.obolibrary.org/obo/ZP_0146395,"http://purl.obolibrary.org/obo/GO_0019227 normal process quality, abnormal"
http://purl.obolibrary.org/obo/ZP_0146521,"glutathione dopaminergic neuron http://purl.obolibrary.org/obo/PATO_0002223, abnormal"
http://purl.obolibrary.org/obo/ZP_0148571,"integument normal process quality http://purl.obolibrary.org/obo/GO_1905573, abnormal"
http://purl.obolibrary.org/obo/ZP_0148350,"http://purl.obolibrary.org/obo/GO_0010744 increased process quality, abnormal"
http://purl.obolibrary.org/obo/ZP_0146818,"atrium http://purl.obolibrary.org/obo/PATO_0002400, abnormal"
http://purl.obolibrary.org/obo/ZP_0148410,"http://purl.obolibrary.org/obo/CHEBI_136248 whole organism normal amount, abnormal"
http://purl.obolibrary.org/obo/ZP_0148447,"http://purl.obolibrary.org/obo/CHEBI_167041 whole organism increased amount, abnormal"
http://purl.obolibrary.org/obo/ZP_0146464,"http://purl.obolibrary.org/obo/GO_0034427 decreased occurrence, abnormal"
http://purl.obolibrary.org/obo/ZP_0148106,"http://purl.obolibrary.org/obo/CHEBI_78053 muscle normal amount, abnormal"
http://purl.obolibrary.org/obo/ZP_0148427,"http://purl.obolibrary.org/obo/CHEBI_138905 whole organism normal amount, abnormal"
http://purl.obolibrary.org/obo/ZP_0147386,"http://purl.obolibrary.org/obo/CHEBI_89446 brain increased amount, abnormal"
http://purl.obolibrary.org/obo/ZP_0148107,"http://purl.obolibrary.org/obo/CHEBI_17408 liver decreased amount, abnormal"
http://purl.obolibrary.org/obo/ZP_0147691,"http://purl.obolibrary.org/obo/CHEBI_28661 liver decreased amount, abnormal"
http://purl.obolibrary.org/obo/ZP_0148613,"regenerating fin process quality http://purl.obolibrary.org/obo/GO_0010085, abnormal"
http://purl.obolibrary.org/obo/ZP_0146680,"whole organism decreased process quality http://purl.obolibrary.org/obo/GO_0017103, abnormal"
http://purl.obolibrary.org/obo/ZP_0146966,"http://purl.obolibrary.org/obo/GO_0048156 normal occurrence, abnormal"
http://purl.obolibrary.org/obo/ZP_0147591,"intestinal epithelial cell accumulation http://purl.obolibrary.org/obo/GO_0120219 intracellular vesicle intestinal epithelial cell, abnormal"
http://purl.obolibrary.org/obo/ZP_0148373,"http://purl.obolibrary.org/obo/CHEBI_64446 sperm normal amount, abnormal"
http://purl.obolibrary.org/obo/ZP_0148448,"http://purl.obolibrary.org/obo/CHEBI_190529 whole organism normal amount, abnormal"
http://purl.obolibrary.org/obo/ZP_0145665,"http://purl.obolibrary.org/obo/CHEBI_18211 whole organism normal amount, abnormal"
http://purl.obolibrary.org/obo/ZP_0147971,"blood vessel endothelial cell decreased process quality http://purl.obolibrary.org/obo/GO_0034383, abnormal"
http://purl.obolibrary.org/obo/ZP_0148669,"whole organism decreased occurrence http://purl.obolibrary.org/obo/GO_0140955, abnormal"
http://purl.obolibrary.org/obo/ZP_0146965,"http://purl.obolibrary.org/obo/GO_0048156 increased occurrence, abnormal"
http://purl.obolibrary.org/obo/ZP_0145722,"http://purl.obolibrary.org/obo/GO_0001694 decreased process quality, abnormal"
http://purl.obolibrary.org/obo/ZP_0148422,"http://purl.obolibrary.org/obo/CHEBI_137155 whole organism increased amount, abnormal"
http://purl.obolibrary.org/obo/ZP_0147437,"brain vasculature http://purl.obolibrary.org/obo/PATO_0001947, abnormal"
http://purl.obolibrary.org/obo/ZP_0147374,"http://purl.obolibrary.org/obo/CHEBI_61656 brain increased amount, abnormal"
http://purl.obolibrary.org/obo/ZP_0147317,"spermatocyte arrested http://purl.obolibrary.org/obo/GO_0045141, abnormal"
http://purl.obolibrary.org/obo/ZP_0148614,"regenerating fin cellular spatiotemporal quality http://purl.obolibrary.org/obo/GO_0010085, abnormal"
http://purl.obolibrary.org/obo/ZP_0145867,"http://purl.obolibrary.org/obo/CHEBI_84123 post-vent region increased amount, abnormal"
http://purl.obolibrary.org/obo/ZP_0148078,"whole organism increased process quality http://purl.obolibrary.org/obo/GO_0009435, abnormal"
http://purl.obolibrary.org/obo/ZP_0148322,"http://purl.obolibrary.org/obo/CHEBI_44247 whole organism increased amount, abnormal"
http://purl.obolibrary.org/obo/ZP_0147876,"http://purl.obolibrary.org/obo/GO_0001734 decreased occurrence, abnormal"
http://purl.obolibrary.org/obo/ZP_0145670,"http://purl.obolibrary.org/obo/CHEBI_32484 whole organism decreased amount, abnormal"
http://purl.obolibrary.org/obo/ZP_0146865,"pronephric tubule disrupted http://purl.obolibrary.org/obo/GO_0035313, abnormal"
http://purl.obolibrary.org/obo/ZP_0148375,"http://purl.obolibrary.org/obo/CHEBI_64517 sperm normal amount, abnormal"
http://purl.obolibrary.org/obo/ZP_0145674,"http://purl.obolibrary.org/obo/CHEBI_18257 whole organism decreased amount, abnormal"
http://purl.obolibrary.org/obo/ZP_0145787,"whole organism increased magnitude http://purl.obolibrary.org/obo/GO_0004069, abnormal"
http://purl.obolibrary.org/obo/ZP_0148636,"intersegmental vessel increased occurrence http://purl.obolibrary.org/obo/GO_0035010, abnormal"
http://purl.obolibrary.org/obo/ZP_0145840,"http://purl.obolibrary.org/obo/CHEBI_17833 neuromast decreased amount, abnormal"
http://purl.obolibrary.org/obo/ZP_0147359,"http://purl.obolibrary.org/obo/CHEBI_36498 brain normal amount, abnormal"
http://purl.obolibrary.org/obo/ZP_0148143,"http://purl.obolibrary.org/obo/GO_0050923 decreased process quality, abnormal"
http://purl.obolibrary.org/obo/ZP_0148399,"http://purl.obolibrary.org/obo/CHEBI_136220 whole organism normal amount, abnormal"
http://purl.obolibrary.org/obo/ZP_0148449,"http://purl.obolibrary.org/obo/CHEBI_64431 whole organism normal amount, abnormal"
http://purl.obolibrary.org/obo/ZP_0147722,"http://purl.obolibrary.org/obo/GO_0044753 chondrocyte absence of anatomical entity, abnormal"
http://purl.obolibrary.org/obo/ZP_0148338,"http://purl.obolibrary.org/obo/GO_0098543 increased occurrence, abnormal"
http://purl.obolibrary.org/obo/ZP_0147730,"pharyngeal pouch 2 http://purl.obolibrary.org/obo/PATO_0005006 anterior side anterior side pharyngeal endoderm, abnormal"
http://purl.obolibrary.org/obo/ZP_0148454,"http://purl.obolibrary.org/obo/CHEBI_64520 whole organism normal amount, abnormal"
http://purl.obolibrary.org/obo/ZP_0148795,"brain decreased occurrence http://purl.obolibrary.org/obo/GO_0034647, abnormal"
http://purl.obolibrary.org/obo/ZP_0148530,"caudal hematopoietic tissue decreased process quality http://purl.obolibrary.org/obo/GO_0001516, abnormal"
http://purl.obolibrary.org/obo/ZP_0148429,"http://purl.obolibrary.org/obo/CHEBI_140354 whole organism normal amount, abnormal"
http://purl.obolibrary.org/obo/ZP_0148508,"http://purl.obolibrary.org/obo/CHEBI_16356 whole organism decreased amount, abnormal"
http://purl.obolibrary.org/obo/ZP_0148437,"http://purl.obolibrary.org/obo/CHEBI_155835 whole organism normal amount, abnormal"
http://purl.obolibrary.org/obo/ZP_0148311,"http://purl.obolibrary.org/obo/CHEBI_24548 whole organism increased amount, abnormal"
http://purl.obolibrary.org/obo/ZP_0147316,"spermatocyte onset quality http://purl.obolibrary.org/obo/GO_0042138, abnormal"
http://purl.obolibrary.org/obo/ZP_0148241,"cardiac ventricle http://purl.obolibrary.org/obo/PATO_0010002 ventricular cardiac muscle cell action potential, abnormal"
http://purl.obolibrary.org/obo/ZP_0145733,"http://purl.obolibrary.org/obo/GO_0033617 decreased process quality, abnormal"
http://purl.obolibrary.org/obo/ZP_0148372,"http://purl.obolibrary.org/obo/CHEBI_64433 sperm normal amount, abnormal"
http://purl.obolibrary.org/obo/ZP_0148390,"http://purl.obolibrary.org/obo/CHEBI_134241 whole organism decreased amount, abnormal"
http://purl.obolibrary.org/obo/ZP_0148401,"http://purl.obolibrary.org/obo/CHEBI_136229 whole organism normal amount, abnormal"
http://purl.obolibrary.org/obo/ZP_0148566,"integument normal process quality http://purl.obolibrary.org/obo/GO_0032611, abnormal"
http://purl.obolibrary.org/obo/ZP_0146652,"http://purl.obolibrary.org/obo/CHEBI_14314 whole organism decreased amount, abnormal"
http://purl.obolibrary.org/obo/ZP_0148092,"http://purl.obolibrary.org/obo/CHEBI_71488 liver normal amount, abnormal"
http://purl.obolibrary.org/obo/ZP_0146191,"http://purl.obolibrary.org/obo/CHEBI_16265 whole organism decreased amount, abnormal"
http://purl.obolibrary.org/obo/ZP_0148226,"caudal fin increased duration http://purl.obolibrary.org/obo/GO_0002210, abnormal"
http://purl.obolibrary.org/obo/ZP_0148477,"http://purl.obolibrary.org/obo/CHEBI_64431 whole organism decreased amount, abnormal"
http://purl.obolibrary.org/obo/ZP_0147582,"Mauthner neuron decreased process quality http://purl.obolibrary.org/obo/GO_0099610, abnormal"
http://purl.obolibrary.org/obo/ZP_0148463,"http://purl.obolibrary.org/obo/CHEBI_66857 whole organism normal amount, abnormal"
http://purl.obolibrary.org/obo/ZP_0147814,"whole organism http://purl.obolibrary.org/obo/PATO_0001549 http://purl.obolibrary.org/obo/CHEBI_29699 whole organism, abnormal"
http://purl.obolibrary.org/obo/ZP_0148408,"http://purl.obolibrary.org/obo/CHEBI_136245 whole organism normal amount, abnormal"
http://purl.obolibrary.org/obo/ZP_0148343,"blood vessel increased frequency http://purl.obolibrary.org/obo/GO_0061517, abnormal"
http://purl.obolibrary.org/obo/ZP_0148796,"brain increased occurrence http://purl.obolibrary.org/obo/GO_0044017, abnormal"
http://purl.obolibrary.org/obo/ZP_0147815,"whole organism http://purl.obolibrary.org/obo/PATO_0001549 http://purl.obolibrary.org/obo/CHEBI_9516 whole organism, abnormal"
http://purl.obolibrary.org/obo/ZP_0148314,"http://purl.obolibrary.org/obo/CHEBI_28837 whole organism increased amount, abnormal"
http://purl.obolibrary.org/obo/ZP_0148374,"http://purl.obolibrary.org/obo/CHEBI_64516 sperm normal amount, abnormal"
http://purl.obolibrary.org/obo/ZP_0148863,"http://purl.obolibrary.org/obo/GO_0072527 increased process quality, abnormal"
http://purl.obolibrary.org/obo/ZP_0148619,"caudal fin normal process quality http://purl.obolibrary.org/obo/GO_0061389, abnormal"
http://purl.obolibrary.org/obo/ZP_0147387,"http://purl.obolibrary.org/obo/CHEBI_89446 liver increased amount, abnormal"
http://purl.obolibrary.org/obo/ZP_0148142,"http://purl.obolibrary.org/obo/GO_0050919 decreased process quality, abnormal"
http://purl.obolibrary.org/obo/ZP_0148676,"http://purl.obolibrary.org/obo/GO_0140999 decreased occurrence, abnormal"
http://purl.obolibrary.org/obo/ZP_0148417,"http://purl.obolibrary.org/obo/CHEBI_136263 whole organism decreased amount, abnormal"
http://purl.obolibrary.org/obo/ZP_0148451,"http://purl.obolibrary.org/obo/CHEBI_64516 whole organism normal amount, abnormal"
http://purl.obolibrary.org/obo/ZP_0147759,"Mauthner neuron decreased process quality http://purl.obolibrary.org/obo/GO_0098870, abnormal"
http://purl.obolibrary.org/obo/ZP_0148095,"http://purl.obolibrary.org/obo/CHEBI_78053 muscle decreased amount, abnormal"
http://purl.obolibrary.org/obo/ZP_0148442,"http://purl.obolibrary.org/obo/CHEBI_156034 whole organism normal amount, abnormal"
http://purl.obolibrary.org/obo/ZP_0146088,"macrophage skeletal muscle http://purl.obolibrary.org/obo/PATO_0070010, abnormal"
http://purl.obolibrary.org/obo/ZP_0148256,"spinal cord normal process quality http://purl.obolibrary.org/obo/GO_0002210, abnormal"
http://purl.obolibrary.org/obo/ZP_0145887,"http://purl.obolibrary.org/obo/GO_0048266 decreased process quality, abnormal"
http://purl.obolibrary.org/obo/ZP_0146568,"http://purl.obolibrary.org/obo/GO_0044327 pyramidal cell decreased width, abnormal"
http://purl.obolibrary.org/obo/ZP_0148369,"http://purl.obolibrary.org/obo/CHEBI_155834 sperm normal amount, abnormal"
http://purl.obolibrary.org/obo/ZP_0146849,"http://purl.obolibrary.org/obo/CHEBI_78679 cardiac muscle cell increased amount, abnormal"
http://purl.obolibrary.org/obo/ZP_0148456,"http://purl.obolibrary.org/obo/CHEBI_64523 whole organism normal amount, abnormal"
http://purl.obolibrary.org/obo/ZP_0147958,"astrocyte normal process quality http://purl.obolibrary.org/obo/GO_0051946, abnormal"
http://purl.obolibrary.org/obo/ZP_0148428,"http://purl.obolibrary.org/obo/CHEBI_140353 whole organism normal amount, abnormal"
http://purl.obolibrary.org/obo/ZP_0148320,"http://purl.obolibrary.org/obo/CHEBI_39246 whole organism increased amount, abnormal"
http://purl.obolibrary.org/obo/ZP_0148431,"http://purl.obolibrary.org/obo/CHEBI_141297 whole organism normal amount, abnormal"
http://purl.obolibrary.org/obo/ZP_0148365,"http://purl.obolibrary.org/obo/CHEBI_134451 sperm normal amount, abnormal"
http://purl.obolibrary.org/obo/ZP_0148439,"http://purl.obolibrary.org/obo/CHEBI_156030 whole organism normal amount, abnormal"
http://purl.obolibrary.org/obo/ZP_0148329,"http://purl.obolibrary.org/obo/CHEBI_23902 whole organism decreased amount, abnormal"
http://purl.obolibrary.org/obo/ZP_0148593,"whole organism rate of occurence http://purl.obolibrary.org/obo/GO_0140042, abnormal"
http://purl.obolibrary.org/obo/ZP_0146763,"http://purl.obolibrary.org/obo/CHEBI_23378 whole organism normal amount, abnormal"
http://purl.obolibrary.org/obo/ZP_0146811,"ventral spinal nerve decreased process quality http://purl.obolibrary.org/obo/GO_0097156, abnormal"
http://purl.obolibrary.org/obo/ZP_0146249,"female organism http://purl.obolibrary.org/obo/PATO_0040056, abnormal"
http://purl.obolibrary.org/obo/ZP_0148393,"http://purl.obolibrary.org/obo/CHEBI_134271 whole organism increased amount, abnormal"
http://purl.obolibrary.org/obo/ZP_0146771,"http://purl.obolibrary.org/obo/CHEBI_23378 female organism increased amount, abnormal"
http://purl.obolibrary.org/obo/ZP_0145888,"http://purl.obolibrary.org/obo/GO_0048266 increased process quality, abnormal"
http://purl.obolibrary.org/obo/ZP_0147511,"http://purl.obolibrary.org/obo/GO_0048345 increased process quality, abnormal"
http://purl.obolibrary.org/obo/ZP_0145735,"http://purl.obolibrary.org/obo/GO_0046466 increased process quality, abnormal"
http://purl.obolibrary.org/obo/ZP_0147973,"blood vessel endothelial cell decreased process quality http://purl.obolibrary.org/obo/GO_0150024, abnormal"
http://purl.obolibrary.org/obo/ZP_0147221,"http://purl.obolibrary.org/obo/GO_0097412 proximal convoluted tubule increased amount, abnormal"
http://purl.obolibrary.org/obo/ZP_0146452,"http://purl.obolibrary.org/obo/CHEBI_18185 whole organism decreased amount, abnormal"
http://purl.obolibrary.org/obo/ZP_0148361,"http://purl.obolibrary.org/obo/CHEBI_134270 sperm normal amount, abnormal"
http://purl.obolibrary.org/obo/ZP_0146846,"intestinal epithelial cell http://purl.obolibrary.org/obo/PATO_0002163 apical region intestine lumen, abnormal"
http://purl.obolibrary.org/obo/ZP_0148480,"http://purl.obolibrary.org/obo/CHEBI_66857 whole organism decreased amount, abnormal"
http://purl.obolibrary.org/obo/ZP_0146480,"http://purl.obolibrary.org/obo/GO_0005652 hepatocyte degenerate, abnormal"
http://purl.obolibrary.org/obo/ZP_0148397,"http://purl.obolibrary.org/obo/CHEBI_134451 whole organism decreased amount, abnormal"
http://purl.obolibrary.org/obo/ZP_0146187,"vertebral body end plate http://purl.obolibrary.org/obo/PATO_0000643, abnormal"
http://purl.obolibrary.org/obo/ZP_0148383,"http://purl.obolibrary.org/obo/CHEBI_66849 sperm normal amount, abnormal"
http://purl.obolibrary.org/obo/ZP_0148411,"http://purl.obolibrary.org/obo/CHEBI_136252 whole organism increased amount, abnormal"
http://purl.obolibrary.org/obo/ZP_0147844,"brain http://purl.obolibrary.org/obo/PATO_0001480, abnormal"
http://purl.obolibrary.org/obo/ZP_0148331,"http://purl.obolibrary.org/obo/CHEBI_28661 whole organism increased amount, abnormal"
http://purl.obolibrary.org/obo/ZP_0148145,"dopaminergic neuron normal frequency http://purl.obolibrary.org/obo/GO_0099610, abnormal"
http://purl.obolibrary.org/obo/ZP_0148708,"http://purl.obolibrary.org/obo/GO_0048050 normal process quality, abnormal"
http://purl.obolibrary.org/obo/ZP_0148455,"http://purl.obolibrary.org/obo/CHEBI_64521 whole organism normal amount, abnormal"
http://purl.obolibrary.org/obo/ZP_0148391,"http://purl.obolibrary.org/obo/CHEBI_134243 whole organism decreased amount, abnormal"
http://purl.obolibrary.org/obo/ZP_0148402,"http://purl.obolibrary.org/obo/CHEBI_136234 whole organism increased amount, abnormal"
http://purl.obolibrary.org/obo/ZP_0145988,"http://purl.obolibrary.org/obo/CHEBI_61656 whole organism increased amount, abnormal"
http://purl.obolibrary.org/obo/ZP_0148621,"blastema decreased magnitude http://purl.obolibrary.org/obo/GO_0106056, abnormal"
http://purl.obolibrary.org/obo/ZP_0145788,"whole organism magnitude http://purl.obolibrary.org/obo/GO_0004457, abnormal"
http://purl.obolibrary.org/obo/ZP_0146900,"http://purl.obolibrary.org/obo/CHEBI_29176 whole organism structure, abnormal"
http://purl.obolibrary.org/obo/ZP_0148105,"http://purl.obolibrary.org/obo/CHEBI_78053 liver decreased amount, abnormal"
http://purl.obolibrary.org/obo/ZP_0145736,"http://purl.obolibrary.org/obo/GO_1903185 decreased process quality, abnormal"
http://purl.obolibrary.org/obo/ZP_0146255,"http://purl.obolibrary.org/obo/CHEBI_16254 eye decreased amount, abnormal"
http://purl.obolibrary.org/obo/ZP_0148363,"http://purl.obolibrary.org/obo/CHEBI_134428 sperm normal amount, abnormal"
http://purl.obolibrary.org/obo/ZP_0146902,"http://purl.obolibrary.org/obo/CHEBI_29185 whole organism structure, abnormal"
http://purl.obolibrary.org/obo/ZP_0148594,"whole organism increased rate of occurrence http://purl.obolibrary.org/obo/GO_0140042, abnormal"
http://purl.obolibrary.org/obo/ZP_0145987,"http://purl.obolibrary.org/obo/CHEBI_155817 whole organism increased amount, abnormal"
http://purl.obolibrary.org/obo/ZP_0146899,"http://purl.obolibrary.org/obo/CHEBI_29169 whole organism structure, abnormal"
http://purl.obolibrary.org/obo/ZP_0148483,"http://purl.obolibrary.org/obo/GO_0032680 increased process quality, abnormal"
http://purl.obolibrary.org/obo/ZP_0148626,"http://purl.obolibrary.org/obo/BSPO_0000202 lens normal length, abnormal"
http://purl.obolibrary.org/obo/ZP_0145862,"http://purl.obolibrary.org/obo/CHEBI_8337 bone tissue increased amount, abnormal"
http://purl.obolibrary.org/obo/ZP_0145666,"http://purl.obolibrary.org/obo/CHEBI_18257 whole organism normal amount, abnormal"
http://purl.obolibrary.org/obo/ZP_0148178,"spinal cord increased magnitude http://purl.obolibrary.org/obo/GO_0032640, abnormal"
http://purl.obolibrary.org/obo/ZP_0148470,"http://purl.obolibrary.org/obo/CHEBI_136256 whole organism decreased amount, abnormal"
http://purl.obolibrary.org/obo/ZP_0147693,"http://purl.obolibrary.org/obo/CHEBI_61204 liver increased amount, abnormal"
http://purl.obolibrary.org/obo/ZP_0148517,"hematopoietic multipotent progenitor cell decreased rate http://purl.obolibrary.org/obo/GO_1905669, abnormal"
http://purl.obolibrary.org/obo/ZP_0148476,"http://purl.obolibrary.org/obo/CHEBI_190529 whole organism increased amount, abnormal"
http://purl.obolibrary.org/obo/ZP_0147715,"http://purl.obolibrary.org/obo/GO_0003266 normal process quality, abnormal"
http://purl.obolibrary.org/obo/ZP_0148634,"intersegmental vessel decreased efficacy http://purl.obolibrary.org/obo/GO_0010232, abnormal"
http://purl.obolibrary.org/obo/ZP_0147146,"brain increased process quality http://purl.obolibrary.org/obo/GO_0019227, abnormal"
http://purl.obolibrary.org/obo/ZP_0148161,"http://purl.obolibrary.org/obo/GO_0141064 process quality, abnormal"
http://purl.obolibrary.org/obo/ZP_0145473,"http://purl.obolibrary.org/obo/GO_0004239 decreased occurrence, abnormal"
http://purl.obolibrary.org/obo/ZP_0146659,"http://purl.obolibrary.org/obo/CHEBI_15801 whole organism increased amount, abnormal"
http://purl.obolibrary.org/obo/ZP_0148513,"hematopoietic multipotent progenitor cell increased rate http://purl.obolibrary.org/obo/GO_0032607, abnormal"
http://purl.obolibrary.org/obo/ZP_0148479,"http://purl.obolibrary.org/obo/CHEBI_66855 whole organism increased amount, abnormal"
http://purl.obolibrary.org/obo/ZP_0147368,"http://purl.obolibrary.org/obo/CHEBI_89446 liver normal amount, abnormal"
http://purl.obolibrary.org/obo/ZP_0148407,"http://purl.obolibrary.org/obo/CHEBI_136243 whole organism decreased amount, abnormal"
http://purl.obolibrary.org/obo/ZP_0148433,"http://purl.obolibrary.org/obo/CHEBI_141588 whole organism normal amount, abnormal"
http://purl.obolibrary.org/obo/ZP_0148418,"http://purl.obolibrary.org/obo/CHEBI_136265 whole organism increased amount, abnormal"
http://purl.obolibrary.org/obo/ZP_0145734,"http://purl.obolibrary.org/obo/GO_0033617 normal process quality, abnormal"
http://purl.obolibrary.org/obo/ZP_0145729,"http://purl.obolibrary.org/obo/GO_0010257 decreased process quality, abnormal"
http://purl.obolibrary.org/obo/ZP_0145841,"http://purl.obolibrary.org/obo/CHEBI_7507 neuromast decreased amount, abnormal"
http://purl.obolibrary.org/obo/ZP_0148367,"http://purl.obolibrary.org/obo/CHEBI_141589 sperm increased amount, abnormal"
http://purl.obolibrary.org/obo/ZP_0146254,"http://purl.obolibrary.org/obo/CHEBI_52592 eye increased amount, abnormal"
http://purl.obolibrary.org/obo/ZP_0148426,"http://purl.obolibrary.org/obo/CHEBI_138568 whole organism normal amount, abnormal"
http://purl.obolibrary.org/obo/ZP_0148235,"http://purl.obolibrary.org/obo/GO_0060757 disrupted, abnormal"
http://purl.obolibrary.org/obo/ZP_0145606,"macrophage increased efficacy http://purl.obolibrary.org/obo/GO_0043402, abnormal"
http://purl.obolibrary.org/obo/ZP_0146817,"cardiac ventricle http://purl.obolibrary.org/obo/PATO_0002400, abnormal"
http://purl.obolibrary.org/obo/ZP_0146704,"http://purl.obolibrary.org/obo/GO_0090653 pronephric proximal convoluted tubule decreased size, abnormal"
http://purl.obolibrary.org/obo/ZP_0148342,"trunk increased rate http://purl.obolibrary.org/obo/GO_0061517, abnormal"
http://purl.obolibrary.org/obo/ZP_0147366,"http://purl.obolibrary.org/obo/CHEBI_61656 liver normal amount, abnormal"
http://purl.obolibrary.org/obo/ZP_0148381,"http://purl.obolibrary.org/obo/CHEBI_64525 sperm normal amount, abnormal"
http://purl.obolibrary.org/obo/ZP_0145999,"caudal hematopoietic tissue http://purl.obolibrary.org/obo/PATO_0040045 cell-cell signaling, abnormal"
http://purl.obolibrary.org/obo/ZP_0147480,"liver increased process quality http://purl.obolibrary.org/obo/GO_0004312, abnormal"
http://purl.obolibrary.org/obo/ZP_0145732,"http://purl.obolibrary.org/obo/GO_0033615 normal process quality, abnormal"
http://purl.obolibrary.org/obo/ZP_0147498,"yolk http://purl.obolibrary.org/obo/PATO_0001293, abnormal"
http://purl.obolibrary.org/obo/ZP_0147319,"spermatocyte onset quality http://purl.obolibrary.org/obo/GO_1990918, abnormal"
http://purl.obolibrary.org/obo/ZP_0148578,"integument increased process quality http://purl.obolibrary.org/obo/GO_0007265, abnormal"
http://purl.obolibrary.org/obo/ZP_0147731,"pharyngeal pouch 2 http://purl.obolibrary.org/obo/PATO_0005006 posterior side posterior side pharyngeal endoderm, abnormal"
http://purl.obolibrary.org/obo/ZP_0145607,"macrophage increased efficacy http://purl.obolibrary.org/obo/GO_0140105, abnormal"
http://purl.obolibrary.org/obo/ZP_0145741,"http://purl.obolibrary.org/obo/GO_1990546 decreased process quality, abnormal"
http://purl.obolibrary.org/obo/ZP_0148385,"http://purl.obolibrary.org/obo/CHEBI_66855 sperm normal amount, abnormal"
http://purl.obolibrary.org/obo/ZP_0148615,"regenerating fin normal process quality http://purl.obolibrary.org/obo/GO_0010085, abnormal"
http://purl.obolibrary.org/obo/ZP_0147225,"female organism http://purl.obolibrary.org/obo/PATO_0001760, abnormal"
http://purl.obolibrary.org/obo/ZP_0148469,"http://purl.obolibrary.org/obo/CHEBI_136247 whole organism increased amount, abnormal"
http://purl.obolibrary.org/obo/ZP_0148438,"http://purl.obolibrary.org/obo/CHEBI_156029 whole organism normal amount, abnormal"
http://purl.obolibrary.org/obo/ZP_0148762,"neutrophil decreased process quality http://purl.obolibrary.org/obo/GO_1904666, abnormal"
http://purl.obolibrary.org/obo/ZP_0145789,"whole organism increased magnitude http://purl.obolibrary.org/obo/GO_0004457, abnormal"
http://purl.obolibrary.org/obo/ZP_0147972,"blood vessel endothelial cell normal process quality http://purl.obolibrary.org/obo/GO_0034384, abnormal"
http://purl.obolibrary.org/obo/ZP_0148400,"http://purl.obolibrary.org/obo/CHEBI_136225 whole organism normal amount, abnormal"
http://purl.obolibrary.org/obo/ZP_0148398,"http://purl.obolibrary.org/obo/CHEBI_134490 whole organism normal amount, abnormal"
http://purl.obolibrary.org/obo/ZP_0148797,"brain increased occurrence http://purl.obolibrary.org/obo/GO_0045322, abnormal"
http://purl.obolibrary.org/obo/ZP_0148395,"http://purl.obolibrary.org/obo/CHEBI_134429 whole organism normal amount, abnormal"
http://purl.obolibrary.org/obo/ZP_0146173,"http://purl.obolibrary.org/obo/CHEBI_20502 whole organism normal amount, abnormal"
http://purl.obolibrary.org/obo/ZP_0146602,"whole organism normal process quality http://purl.obolibrary.org/obo/GO_0036440, abnormal"
http://purl.obolibrary.org/obo/ZP_0148443,"http://purl.obolibrary.org/obo/CHEBI_156035 whole organism normal amount, abnormal"
http://purl.obolibrary.org/obo/ZP_0148360,"http://purl.obolibrary.org/obo/CHEBI_134243 sperm decreased amount, abnormal"
http://purl.obolibrary.org/obo/ZP_0148471,"http://purl.obolibrary.org/obo/CHEBI_136259 whole organism decreased amount, abnormal"
http://purl.obolibrary.org/obo/ZP_0148681,"heart decreased process quality http://purl.obolibrary.org/obo/GO_0071880, abnormal"
http://purl.obolibrary.org/obo/ZP_0147587,"http://purl.obolibrary.org/obo/GO_1990357 intestine structure, abnormal"
http://purl.obolibrary.org/obo/ZP_0148406,"http://purl.obolibrary.org/obo/CHEBI_136240 whole organism normal amount, abnormal"
http://purl.obolibrary.org/obo/ZP_0146252,"http://purl.obolibrary.org/obo/CHEBI_17616 eye decreased amount, abnormal"
http://purl.obolibrary.org/obo/ZP_0147222,"female organism decreased process quality http://purl.obolibrary.org/obo/GO_0160027, abnormal"
http://purl.obolibrary.org/obo/ZP_0147355,"http://purl.obolibrary.org/obo/CHEBI_61656 whole organism normal amount, abnormal"
http://purl.obolibrary.org/obo/ZP_0148377,"http://purl.obolibrary.org/obo/CHEBI_64520 sperm normal amount, abnormal"
http://purl.obolibrary.org/obo/ZP_0148379,"http://purl.obolibrary.org/obo/CHEBI_64523 sperm increased amount, abnormal"
http://purl.obolibrary.org/obo/ZP_0148403,"http://purl.obolibrary.org/obo/CHEBI_136235 whole organism normal amount, abnormal"
http://purl.obolibrary.org/obo/ZP_0148332,"http://purl.obolibrary.org/obo/CHEBI_36032 whole organism decreased amount, abnormal"
http://purl.obolibrary.org/obo/ZP_0148370,"http://purl.obolibrary.org/obo/CHEBI_155835 sperm normal amount, abnormal"
http://purl.obolibrary.org/obo/ZP_0148473,"http://purl.obolibrary.org/obo/CHEBI_140353 whole organism decreased amount, abnormal"
http://purl.obolibrary.org/obo/ZP_0147786,"Purkinje cell decreased process quality http://purl.obolibrary.org/obo/GO_0099610, abnormal"
http://purl.obolibrary.org/obo/ZP_0145636,"http://purl.obolibrary.org/obo/GO_0017146 Purkinje cell absence of anatomical entity, abnormal"
http://purl.obolibrary.org/obo/ZP_0148093,"http://purl.obolibrary.org/obo/CHEBI_71488 muscle normal amount, abnormal"
http://purl.obolibrary.org/obo/ZP_0145807,"whole organism normal occurrence http://purl.obolibrary.org/obo/GO_0004144, abnormal"
http://purl.obolibrary.org/obo/ZP_0145742,"http://purl.obolibrary.org/obo/GO_1990546 normal process quality, abnormal"
http://purl.obolibrary.org/obo/ZP_0148478,"http://purl.obolibrary.org/obo/CHEBI_64524 whole organism decreased amount, abnormal"
