defined_class	entity	entitytowards	entitytowardspartof	quality
http://purl.obolibrary.org/obo/ZP_0014563	http://purl.obolibrary.org/obo/ZFA_0009044	http://purl.obolibrary.org/obo/BSPO_0000005	http://purl.obolibrary.org/obo/ZFA_0000084	http://purl.obolibrary.org/obo/PATO_0002269
http://purl.obolibrary.org/obo/ZP_0021842	http://purl.obolibrary.org/obo/ZFA_0000007	http://purl.obolibrary.org/obo/BSPO_0000070	http://purl.obolibrary.org/obo/ZFA_0000471	http://purl.obolibrary.org/obo/PATO_0002269
http://purl.obolibrary.org/obo/ZP_0019798	http://purl.obolibrary.org/obo/ZFA_0000007	http://purl.obolibrary.org/obo/BSPO_0000078	http://purl.obolibrary.org/obo/ZFA_0001058	http://purl.obolibrary.org/obo/PATO_0002269
http://purl.obolibrary.org/obo/ZP_0022150	http://purl.obolibrary.org/obo/ZFA_0001648	http://purl.obolibrary.org/obo/BSPO_0000072	http://purl.obolibrary.org/obo/ZFA_0000051	http://purl.obolibrary.org/obo/PATO_0002269
http://purl.obolibrary.org/obo/ZP_0011255	http://purl.obolibrary.org/obo/ZFA_0009000	http://purl.obolibrary.org/obo/BSPO_0000063	http://purl.obolibrary.org/obo/ZFA_0000077	http://purl.obolibrary.org/obo/PATO_0002269
http://purl.obolibrary.org/obo/ZP_0021618	http://purl.obolibrary.org/obo/ZFA_0009154	http://purl.obolibrary.org/obo/GO_0005773	http://purl.obolibrary.org/obo/ZFA_0009154	http://purl.obolibrary.org/obo/PATO_0002269
http://purl.obolibrary.org/obo/ZP_0021619	http://purl.obolibrary.org/obo/ZFA_0009154	http://purl.obolibrary.org/obo/GO_0031982	http://purl.obolibrary.org/obo/ZFA_0009154	http://purl.obolibrary.org/obo/PATO_0002269
http://purl.obolibrary.org/obo/ZP_0010826	http://purl.obolibrary.org/obo/ZFA_0009309	http://purl.obolibrary.org/obo/BSPO_0000070	http://purl.obolibrary.org/obo/ZFA_0000114	http://purl.obolibrary.org/obo/PATO_0002269
http://purl.obolibrary.org/obo/ZP_0025404	http://purl.obolibrary.org/obo/ZFA_0009141	http://purl.obolibrary.org/obo/BSPO_0000070	http://purl.obolibrary.org/obo/ZFA_0005124	http://purl.obolibrary.org/obo/PATO_0002269
http://purl.obolibrary.org/obo/ZP_0009916	http://purl.obolibrary.org/obo/ZFA_0009091	http://purl.obolibrary.org/obo/BSPO_0000099	http://purl.obolibrary.org/obo/ZFA_0000051	http://purl.obolibrary.org/obo/PATO_0002269
http://purl.obolibrary.org/obo/ZP_0025271	http://purl.obolibrary.org/obo/ZFA_0009077	http://purl.obolibrary.org/obo/BSPO_0000096	http://purl.obolibrary.org/obo/ZFA_0000445	http://purl.obolibrary.org/obo/PATO_0002269
http://purl.obolibrary.org/obo/ZP_0026300	http://purl.obolibrary.org/obo/ZFA_0009256	http://purl.obolibrary.org/obo/BSPO_0000005	http://purl.obolibrary.org/obo/ZFA_0000084	http://purl.obolibrary.org/obo/PATO_0002269
http://purl.obolibrary.org/obo/ZP_0017132	http://purl.obolibrary.org/obo/ZFA_0001114	http://purl.obolibrary.org/obo/BSPO_0000384	http://purl.obolibrary.org/obo/ZFA_0001115	http://purl.obolibrary.org/obo/PATO_0001051
http://purl.obolibrary.org/obo/ZP_0000467	http://purl.obolibrary.org/obo/ZFA_0000114	http://purl.obolibrary.org/obo/BSPO_0000075	http://purl.obolibrary.org/obo/ZFA_0001094	http://purl.obolibrary.org/obo/PATO_0001653
http://purl.obolibrary.org/obo/ZP_0000468	http://purl.obolibrary.org/obo/ZFA_0000360	http://purl.obolibrary.org/obo/BSPO_0000075	http://purl.obolibrary.org/obo/ZFA_0001094	http://purl.obolibrary.org/obo/PATO_0001653
http://purl.obolibrary.org/obo/ZP_0005421	http://purl.obolibrary.org/obo/ZFA_0000001	http://purl.obolibrary.org/obo/GO_0005879	http://purl.obolibrary.org/obo/ZFA_0009032	http://purl.obolibrary.org/obo/PATO_0002083
http://purl.obolibrary.org/obo/ZP_0014434	http://purl.obolibrary.org/obo/ZFA_0005424	http://purl.obolibrary.org/obo/GO_0005604	http://purl.obolibrary.org/obo/ZFA_0001058	http://purl.obolibrary.org/obo/PATO_0001667
http://purl.obolibrary.org/obo/ZP_0026547	http://purl.obolibrary.org/obo/ZFA_0009077	http://purl.obolibrary.org/obo/BSPO_0000070	http://purl.obolibrary.org/obo/ZFA_0000938	http://purl.obolibrary.org/obo/PATO_0002271
http://purl.obolibrary.org/obo/ZP_0027228	http://purl.obolibrary.org/obo/ZFA_0009327	http://purl.obolibrary.org/obo/ZFA_0005147	http://purl.obolibrary.org/obo/ZFA_0009011	http://purl.obolibrary.org/obo/PATO_0002271
http://purl.obolibrary.org/obo/ZP_0016136	http://purl.obolibrary.org/obo/ZFA_0001115	http://purl.obolibrary.org/obo/BSPO_0000013	http://purl.obolibrary.org/obo/ZFA_0001094	http://purl.obolibrary.org/obo/PATO_0002328
http://purl.obolibrary.org/obo/ZP_0019212	http://purl.obolibrary.org/obo/ZFA_0009117	http://purl.obolibrary.org/obo/GO_0005927	http://purl.obolibrary.org/obo/ZFA_0000473	http://purl.obolibrary.org/obo/PATO_0001453
http://purl.obolibrary.org/obo/ZP_0015167	http://purl.obolibrary.org/obo/ZFA_0001321	http://purl.obolibrary.org/obo/BSPO_0000072	http://purl.obolibrary.org/obo/ZFA_0001580	http://purl.obolibrary.org/obo/PATO_0001453
http://purl.obolibrary.org/obo/ZP_0019219	http://purl.obolibrary.org/obo/ZFA_0009115	http://purl.obolibrary.org/obo/GO_0005927	http://purl.obolibrary.org/obo/ZFA_0000473	http://purl.obolibrary.org/obo/PATO_0001453
http://purl.obolibrary.org/obo/ZP_0019204	http://purl.obolibrary.org/obo/ZFA_0009116	http://purl.obolibrary.org/obo/GO_0005927	http://purl.obolibrary.org/obo/ZFA_0000473	http://purl.obolibrary.org/obo/PATO_0001453
http://purl.obolibrary.org/obo/ZP_0009099	http://purl.obolibrary.org/obo/ZFA_0009306	http://purl.obolibrary.org/obo/BSPO_0000063	http://purl.obolibrary.org/obo/ZFA_0001261	http://purl.obolibrary.org/obo/PATO_0001852
http://purl.obolibrary.org/obo/ZP_0010152	http://purl.obolibrary.org/obo/ZFA_0009149	http://purl.obolibrary.org/obo/BSPO_0000072	http://purl.obolibrary.org/obo/ZFA_0001064	http://purl.obolibrary.org/obo/PATO_0002168
http://purl.obolibrary.org/obo/ZP_0001385	http://purl.obolibrary.org/obo/ZFA_0009150	http://purl.obolibrary.org/obo/ZFA_0000092	http://purl.obolibrary.org/obo/ZFA_0000075	http://purl.obolibrary.org/obo/PATO_0002168
http://purl.obolibrary.org/obo/ZP_0004037	http://purl.obolibrary.org/obo/ZFA_0000093	http://purl.obolibrary.org/obo/BSPO_0000079	http://purl.obolibrary.org/obo/ZFA_0001176	http://purl.obolibrary.org/obo/PATO_0002168
http://purl.obolibrary.org/obo/ZP_0007042	http://purl.obolibrary.org/obo/ZFA_0000115	http://purl.obolibrary.org/obo/ZFA_0000092	http://purl.obolibrary.org/obo/ZFA_0001094	http://purl.obolibrary.org/obo/PATO_0002168
http://purl.obolibrary.org/obo/ZP_0007041	http://purl.obolibrary.org/obo/ZFA_0000115	http://purl.obolibrary.org/obo/BSPO_0000007	http://purl.obolibrary.org/obo/ZFA_0001094	http://purl.obolibrary.org/obo/PATO_0002168
http://purl.obolibrary.org/obo/ZP_0009252	http://purl.obolibrary.org/obo/ZFA_0000114	http://purl.obolibrary.org/obo/BSPO_0000067	http://purl.obolibrary.org/obo/ZFA_0001094	http://purl.obolibrary.org/obo/PATO_0002168
http://purl.obolibrary.org/obo/ZP_0009251	http://purl.obolibrary.org/obo/ZFA_0000114	http://purl.obolibrary.org/obo/BSPO_0000007	http://purl.obolibrary.org/obo/ZFA_0001094	http://purl.obolibrary.org/obo/PATO_0002168
http://purl.obolibrary.org/obo/ZP_0008482	http://purl.obolibrary.org/obo/ZFA_0000360	http://purl.obolibrary.org/obo/BSPO_0000075	http://purl.obolibrary.org/obo/ZFA_0001094	http://purl.obolibrary.org/obo/PATO_0002168
http://purl.obolibrary.org/obo/ZP_0008481	http://purl.obolibrary.org/obo/ZFA_0000360	http://purl.obolibrary.org/obo/BSPO_0000007	http://purl.obolibrary.org/obo/ZFA_0001094	http://purl.obolibrary.org/obo/PATO_0002168
http://purl.obolibrary.org/obo/ZP_0021164	http://purl.obolibrary.org/obo/ZFA_0009199	http://purl.obolibrary.org/obo/BSPO_0000099	http://purl.obolibrary.org/obo/ZFA_0000076	http://purl.obolibrary.org/obo/PATO_0002168
http://purl.obolibrary.org/obo/ZP_0021167	http://purl.obolibrary.org/obo/ZFA_0009199	http://purl.obolibrary.org/obo/BSPO_0000098	http://purl.obolibrary.org/obo/ZFA_0001559	http://purl.obolibrary.org/obo/PATO_0002168
http://purl.obolibrary.org/obo/ZP_0010407	http://purl.obolibrary.org/obo/ZFA_0009091	http://purl.obolibrary.org/obo/BSPO_0000384	http://purl.obolibrary.org/obo/ZFA_0001135	http://purl.obolibrary.org/obo/PATO_0002168
http://purl.obolibrary.org/obo/ZP_0001386	http://purl.obolibrary.org/obo/ZFA_0009165	http://purl.obolibrary.org/obo/BSPO_0000682	http://purl.obolibrary.org/obo/ZFA_0000075	http://purl.obolibrary.org/obo/PATO_0002168
http://purl.obolibrary.org/obo/ZP_0017930	http://purl.obolibrary.org/obo/ZFA_0009327	http://purl.obolibrary.org/obo/BSPO_0000079	http://purl.obolibrary.org/obo/ZFA_0001115	http://purl.obolibrary.org/obo/PATO_0002168
http://purl.obolibrary.org/obo/ZP_0019053	http://purl.obolibrary.org/obo/ZFA_0005744	http://purl.obolibrary.org/obo/BSPO_0000075	http://purl.obolibrary.org/obo/ZFA_0000135	http://purl.obolibrary.org/obo/PATO_0002168
http://purl.obolibrary.org/obo/ZP_0018125	http://purl.obolibrary.org/obo/ZFA_0005849	http://purl.obolibrary.org/obo/ZFA_0005314	http://purl.obolibrary.org/obo/ZFA_0001610	http://purl.obolibrary.org/obo/PATO_0001738
http://purl.obolibrary.org/obo/ZP_0013943	http://purl.obolibrary.org/obo/ZFA_0000152	http://purl.obolibrary.org/obo/BSPO_0000099	http://purl.obolibrary.org/obo/ZFA_0000107	http://purl.obolibrary.org/obo/PATO_0002463
http://purl.obolibrary.org/obo/ZP_0012567	http://purl.obolibrary.org/obo/ZFA_0009221	http://purl.obolibrary.org/obo/GO_0044316	http://purl.obolibrary.org/obo/ZFA_0009221	http://purl.obolibrary.org/obo/PATO_0002002
http://purl.obolibrary.org/obo/ZP_0015938	http://purl.obolibrary.org/obo/ZFA_0009238	http://purl.obolibrary.org/obo/GO_0044307	http://purl.obolibrary.org/obo/ZFA_0009238	http://purl.obolibrary.org/obo/PATO_0002002
http://purl.obolibrary.org/obo/ZP_0006496	http://purl.obolibrary.org/obo/ZFA_0009238	http://purl.obolibrary.org/obo/GO_0043005	http://purl.obolibrary.org/obo/ZFA_0009238	http://purl.obolibrary.org/obo/PATO_0002002
http://purl.obolibrary.org/obo/ZP_0026265	http://purl.obolibrary.org/obo/ZFA_0005604	http://purl.obolibrary.org/obo/GO_0030175	http://purl.obolibrary.org/obo/ZFA_0009065	http://purl.obolibrary.org/obo/PATO_0002002
http://purl.obolibrary.org/obo/ZP_0011562	http://purl.obolibrary.org/obo/ZFA_0000093	http://purl.obolibrary.org/obo/GO_0005634	http://purl.obolibrary.org/obo/ZFA_0000093	http://purl.obolibrary.org/obo/PATO_0002002
http://purl.obolibrary.org/obo/ZP_0025334	http://purl.obolibrary.org/obo/ZFA_0009316	http://purl.obolibrary.org/obo/GO_0042995	http://purl.obolibrary.org/obo/ZFA_0009316	http://purl.obolibrary.org/obo/PATO_0002002
http://purl.obolibrary.org/obo/ZP_0019892	http://purl.obolibrary.org/obo/ZFA_0005877	http://purl.obolibrary.org/obo/GO_0030424	http://purl.obolibrary.org/obo/ZFA_0005877	http://purl.obolibrary.org/obo/PATO_0002002
http://purl.obolibrary.org/obo/ZP_0022230	http://purl.obolibrary.org/obo/ZFA_0000206	http://purl.obolibrary.org/obo/GO_0043005	http://purl.obolibrary.org/obo/ZFA_0009052	http://purl.obolibrary.org/obo/PATO_0002002
http://purl.obolibrary.org/obo/ZP_0022541	http://purl.obolibrary.org/obo/ZFA_0000303	http://purl.obolibrary.org/obo/GO_0005811	http://purl.obolibrary.org/obo/ZFA_0000123	http://purl.obolibrary.org/obo/PATO_0002002
http://purl.obolibrary.org/obo/ZP_0008446	http://purl.obolibrary.org/obo/ZFA_0000678	http://purl.obolibrary.org/obo/GO_0005771	http://purl.obolibrary.org/obo/ZFA_0000678	http://purl.obolibrary.org/obo/PATO_0002002
http://purl.obolibrary.org/obo/ZP_0026616	http://purl.obolibrary.org/obo/ZFA_0009365	http://purl.obolibrary.org/obo/GO_0042995	http://purl.obolibrary.org/obo/ZFA_0009365	http://purl.obolibrary.org/obo/PATO_0002002
http://purl.obolibrary.org/obo/ZP_0016758	http://purl.obolibrary.org/obo/ZFA_0001285	http://purl.obolibrary.org/obo/GO_0030175	http://purl.obolibrary.org/obo/ZFA_0009065	http://purl.obolibrary.org/obo/PATO_0002002
http://purl.obolibrary.org/obo/ZP_0008757	http://purl.obolibrary.org/obo/ZFA_0001285	http://purl.obolibrary.org/obo/GO_0030175	http://purl.obolibrary.org/obo/ZFA_0009303	http://purl.obolibrary.org/obo/PATO_0002002
http://purl.obolibrary.org/obo/ZP_0012017	http://purl.obolibrary.org/obo/ZFA_0001285	http://purl.obolibrary.org/obo/GO_0030175	http://purl.obolibrary.org/obo/ZFA_0001285	http://purl.obolibrary.org/obo/PATO_0002002
http://purl.obolibrary.org/obo/ZP_0025456	http://purl.obolibrary.org/obo/ZFA_0005748	http://purl.obolibrary.org/obo/ZFA_0009000	http://purl.obolibrary.org/obo/ZFA_0001260	http://purl.obolibrary.org/obo/PATO_0002002
http://purl.obolibrary.org/obo/ZP_0008517	http://purl.obolibrary.org/obo/ZFA_0001326	http://purl.obolibrary.org/obo/GO_0005634	http://purl.obolibrary.org/obo/ZFA_0009034	http://purl.obolibrary.org/obo/PATO_0002002
http://purl.obolibrary.org/obo/ZP_0020801	http://purl.obolibrary.org/obo/ZFA_0000035	http://purl.obolibrary.org/obo/GO_0005634	http://purl.obolibrary.org/obo/ZFA_0009000	http://purl.obolibrary.org/obo/PATO_0002002
http://purl.obolibrary.org/obo/ZP_0022543	http://purl.obolibrary.org/obo/ZFA_0000242	http://purl.obolibrary.org/obo/GO_0005811	http://purl.obolibrary.org/obo/ZFA_0000123	http://purl.obolibrary.org/obo/PATO_0002002
http://purl.obolibrary.org/obo/ZP_0004271	http://purl.obolibrary.org/obo/ZFA_0009138	http://purl.obolibrary.org/obo/GO_0032059	http://purl.obolibrary.org/obo/ZFA_0009138	http://purl.obolibrary.org/obo/PATO_0002002
http://purl.obolibrary.org/obo/ZP_0015942	http://purl.obolibrary.org/obo/ZFA_0009367	http://purl.obolibrary.org/obo/GO_0048788	http://purl.obolibrary.org/obo/ZFA_0009367	http://purl.obolibrary.org/obo/PATO_0002002
http://purl.obolibrary.org/obo/ZP_0026655	http://purl.obolibrary.org/obo/ZFA_0009367	http://purl.obolibrary.org/obo/GO_0098681	http://purl.obolibrary.org/obo/ZFA_0009367	http://purl.obolibrary.org/obo/PATO_0002002
http://purl.obolibrary.org/obo/ZP_0015945	http://purl.obolibrary.org/obo/ZFA_0009367	http://purl.obolibrary.org/obo/GO_0005891	http://purl.obolibrary.org/obo/ZFA_0009367	http://purl.obolibrary.org/obo/PATO_0002002
http://purl.obolibrary.org/obo/ZP_0014051	http://purl.obolibrary.org/obo/ZFA_0000135	http://purl.obolibrary.org/obo/ZFA_0009000	http://purl.obolibrary.org/obo/ZFA_0000135	http://purl.obolibrary.org/obo/PATO_0002002
http://purl.obolibrary.org/obo/ZP_0011902	http://purl.obolibrary.org/obo/ZFA_0009256	http://purl.obolibrary.org/obo/GO_0044754	http://purl.obolibrary.org/obo/ZFA_0009256	http://purl.obolibrary.org/obo/PATO_0002002
http://purl.obolibrary.org/obo/ZP_0011901	http://purl.obolibrary.org/obo/ZFA_0009256	http://purl.obolibrary.org/obo/GO_0005776	http://purl.obolibrary.org/obo/ZFA_0009256	http://purl.obolibrary.org/obo/PATO_0002002
http://purl.obolibrary.org/obo/ZP_0016058	http://purl.obolibrary.org/obo/ZFA_0009125	http://purl.obolibrary.org/obo/GO_0045202	http://purl.obolibrary.org/obo/ZFA_0005673	http://purl.obolibrary.org/obo/PATO_0002002
http://purl.obolibrary.org/obo/ZP_0017037	http://purl.obolibrary.org/obo/ZFA_0009076	http://purl.obolibrary.org/obo/GO_0043209	http://purl.obolibrary.org/obo/ZFA_0009076	http://purl.obolibrary.org/obo/PATO_0002002
http://purl.obolibrary.org/obo/ZP_0011564	http://purl.obolibrary.org/obo/ZFA_0001566	http://purl.obolibrary.org/obo/GO_0060473	http://purl.obolibrary.org/obo/ZFA_0001566	http://purl.obolibrary.org/obo/PATO_0002002
http://purl.obolibrary.org/obo/ZP_0017775	http://purl.obolibrary.org/obo/ZFA_0000051	http://purl.obolibrary.org/obo/ZFA_0009168	http://purl.obolibrary.org/obo/ZFA_0000051	http://purl.obolibrary.org/obo/PATO_0002002
http://purl.obolibrary.org/obo/ZP_0021662	http://purl.obolibrary.org/obo/ZFA_0001360	http://purl.obolibrary.org/obo/ZFA_0009248	http://purl.obolibrary.org/obo/ZFA_0001360	http://purl.obolibrary.org/obo/PATO_0002002
http://purl.obolibrary.org/obo/ZP_0020933	http://purl.obolibrary.org/obo/ZFA_0001466	http://purl.obolibrary.org/obo/GO_0005930	http://purl.obolibrary.org/obo/ZFA_0009127	http://purl.obolibrary.org/obo/PATO_0002002
http://purl.obolibrary.org/obo/ZP_0026615	http://purl.obolibrary.org/obo/ZFA_0000940	http://purl.obolibrary.org/obo/GO_0042995	http://purl.obolibrary.org/obo/ZFA_0000243	http://purl.obolibrary.org/obo/PATO_0002002
http://purl.obolibrary.org/obo/ZP_0018671	http://purl.obolibrary.org/obo/ZFA_0001157	http://purl.obolibrary.org/obo/ZFA_0009000	http://purl.obolibrary.org/obo/ZFA_0001157	http://purl.obolibrary.org/obo/PATO_0002002
http://purl.obolibrary.org/obo/ZP_0020049	http://purl.obolibrary.org/obo/ZFA_0001157	http://purl.obolibrary.org/obo/GO_0030175	http://purl.obolibrary.org/obo/ZFA_0001157	http://purl.obolibrary.org/obo/PATO_0002002
http://purl.obolibrary.org/obo/ZP_0020867	http://purl.obolibrary.org/obo/ZFA_0001558	http://purl.obolibrary.org/obo/ZFA_0005242	http://purl.obolibrary.org/obo/ZFA_0001558	http://purl.obolibrary.org/obo/PATO_0002002
http://purl.obolibrary.org/obo/ZP_0024627	http://purl.obolibrary.org/obo/ZFA_0000151	http://purl.obolibrary.org/obo/ZFA_0005242	http://purl.obolibrary.org/obo/ZFA_0000151	http://purl.obolibrary.org/obo/PATO_0002002
http://purl.obolibrary.org/obo/ZP_0019236	http://purl.obolibrary.org/obo/ZFA_0000143	http://purl.obolibrary.org/obo/GO_0031982	http://purl.obolibrary.org/obo/ZFA_0000143	http://purl.obolibrary.org/obo/PATO_0002002
http://purl.obolibrary.org/obo/ZP_0018871	http://purl.obolibrary.org/obo/ZFA_0000144	http://purl.obolibrary.org/obo/GO_0016234	http://purl.obolibrary.org/obo/ZFA_0000144	http://purl.obolibrary.org/obo/PATO_0002002
http://purl.obolibrary.org/obo/ZP_0019078	http://purl.obolibrary.org/obo/ZFA_0009115	http://purl.obolibrary.org/obo/GO_0005901	http://purl.obolibrary.org/obo/ZFA_0009115	http://purl.obolibrary.org/obo/PATO_0002002
http://purl.obolibrary.org/obo/ZP_0008121	http://purl.obolibrary.org/obo/ZFA_0009115	http://purl.obolibrary.org/obo/GO_0016020	http://purl.obolibrary.org/obo/ZFA_0009115	http://purl.obolibrary.org/obo/PATO_0002002
http://purl.obolibrary.org/obo/ZP_0011477	http://purl.obolibrary.org/obo/ZFA_0000075	http://purl.obolibrary.org/obo/ZFA_0009292	http://purl.obolibrary.org/obo/ZFA_0001083	http://purl.obolibrary.org/obo/PATO_0002002
http://purl.obolibrary.org/obo/ZP_0025945	http://purl.obolibrary.org/obo/ZFA_0000588	http://purl.obolibrary.org/obo/ZFA_0009011	http://purl.obolibrary.org/obo/ZFA_0000588	http://purl.obolibrary.org/obo/PATO_0002002
http://purl.obolibrary.org/obo/ZP_0017737	http://purl.obolibrary.org/obo/ZFA_0000588	http://purl.obolibrary.org/obo/ZFA_0009168	http://purl.obolibrary.org/obo/ZFA_0000588	http://purl.obolibrary.org/obo/PATO_0002002
http://purl.obolibrary.org/obo/ZP_0017781	http://purl.obolibrary.org/obo/ZFA_0000588	http://purl.obolibrary.org/obo/ZFA_0009248	http://purl.obolibrary.org/obo/ZFA_0000588	http://purl.obolibrary.org/obo/PATO_0002002
http://purl.obolibrary.org/obo/ZP_0022111	http://purl.obolibrary.org/obo/ZFA_0001094	http://purl.obolibrary.org/obo/GO_0005634	http://purl.obolibrary.org/obo/ZFA_0001105	http://purl.obolibrary.org/obo/PATO_0002002
http://purl.obolibrary.org/obo/ZP_0003821	http://purl.obolibrary.org/obo/ZFA_0009243	http://purl.obolibrary.org/obo/GO_0030175	http://purl.obolibrary.org/obo/ZFA_0009243	http://purl.obolibrary.org/obo/PATO_0002001
http://purl.obolibrary.org/obo/ZP_0003822	http://purl.obolibrary.org/obo/ZFA_0009243	http://purl.obolibrary.org/obo/GO_0043005	http://purl.obolibrary.org/obo/ZFA_0009244	http://purl.obolibrary.org/obo/PATO_0002001
http://purl.obolibrary.org/obo/ZP_0010968	http://purl.obolibrary.org/obo/ZFA_0000001	http://purl.obolibrary.org/obo/GO_0005929	http://purl.obolibrary.org/obo/ZFA_0000001	http://purl.obolibrary.org/obo/PATO_0002001
http://purl.obolibrary.org/obo/ZP_0010830	http://purl.obolibrary.org/obo/ZFA_0000001	http://purl.obolibrary.org/obo/GO_0031514	http://purl.obolibrary.org/obo/ZFA_0000001	http://purl.obolibrary.org/obo/PATO_0002001
http://purl.obolibrary.org/obo/ZP_0014600	http://purl.obolibrary.org/obo/ZFA_0000001	http://purl.obolibrary.org/obo/GO_0036156	http://purl.obolibrary.org/obo/ZFA_0009032	http://purl.obolibrary.org/obo/PATO_0002001
http://purl.obolibrary.org/obo/ZP_0014601	http://purl.obolibrary.org/obo/ZFA_0000001	http://purl.obolibrary.org/obo/GO_0036157	http://purl.obolibrary.org/obo/ZFA_0009032	http://purl.obolibrary.org/obo/PATO_0002001
http://purl.obolibrary.org/obo/ZP_0008476	http://purl.obolibrary.org/obo/ZFA_0000001	http://purl.obolibrary.org/obo/GO_0005929	http://purl.obolibrary.org/obo/ZFA_0009035	http://purl.obolibrary.org/obo/PATO_0002001
http://purl.obolibrary.org/obo/ZP_0003179	http://purl.obolibrary.org/obo/ZFA_0000001	http://purl.obolibrary.org/obo/GO_0005929	http://purl.obolibrary.org/obo/ZFA_0009034	http://purl.obolibrary.org/obo/PATO_0002001
http://purl.obolibrary.org/obo/ZP_0019012	http://purl.obolibrary.org/obo/ZFA_0009149	http://purl.obolibrary.org/obo/GO_0032281	http://purl.obolibrary.org/obo/ZFA_0009149	http://purl.obolibrary.org/obo/PATO_0002001
http://purl.obolibrary.org/obo/ZP_0012331	http://purl.obolibrary.org/obo/ZFA_0009150	http://purl.obolibrary.org/obo/GO_1902737	http://purl.obolibrary.org/obo/ZFA_0009150	http://purl.obolibrary.org/obo/PATO_0002001
http://purl.obolibrary.org/obo/ZP_0012057	http://purl.obolibrary.org/obo/ZFA_0000713	http://purl.obolibrary.org/obo/ZFA_0009052	http://purl.obolibrary.org/obo/ZFA_0000713	http://purl.obolibrary.org/obo/PATO_0002001
http://purl.obolibrary.org/obo/ZP_0012515	http://purl.obolibrary.org/obo/ZFA_0001108	http://purl.obolibrary.org/obo/GO_0030424	http://purl.obolibrary.org/obo/ZFA_0001108	http://purl.obolibrary.org/obo/PATO_0002001
http://purl.obolibrary.org/obo/ZP_0014564	http://purl.obolibrary.org/obo/ZFA_0001315	http://purl.obolibrary.org/obo/GO_0005623	http://purl.obolibrary.org/obo/ZFA_0001320	http://purl.obolibrary.org/obo/PATO_0002001
http://purl.obolibrary.org/obo/ZP_0022337	http://purl.obolibrary.org/obo/ZFA_0000007	http://purl.obolibrary.org/obo/GO_0005833	http://purl.obolibrary.org/obo/ZFA_0009256	http://purl.obolibrary.org/obo/PATO_0002001
http://purl.obolibrary.org/obo/ZP_0009462	http://purl.obolibrary.org/obo/ZFA_0009036	http://purl.obolibrary.org/obo/GO_0005911	http://purl.obolibrary.org/obo/ZFA_0009036	http://purl.obolibrary.org/obo/PATO_0002001
http://purl.obolibrary.org/obo/ZP_0011794	http://purl.obolibrary.org/obo/ZFA_0009316	http://purl.obolibrary.org/obo/GO_0042995	http://purl.obolibrary.org/obo/ZFA_0009316	http://purl.obolibrary.org/obo/PATO_0002001
http://purl.obolibrary.org/obo/ZP_0009906	http://purl.obolibrary.org/obo/ZFA_0009316	http://purl.obolibrary.org/obo/GO_0032982	http://purl.obolibrary.org/obo/ZFA_0009316	http://purl.obolibrary.org/obo/PATO_0002001
http://purl.obolibrary.org/obo/ZP_0011751	http://purl.obolibrary.org/obo/ZFA_0001058	http://purl.obolibrary.org/obo/GO_0030424	http://purl.obolibrary.org/obo/ZFA_0001058	http://purl.obolibrary.org/obo/PATO_0002001
http://purl.obolibrary.org/obo/ZP_0011023	http://purl.obolibrary.org/obo/ZFA_0000938	http://purl.obolibrary.org/obo/GO_0005929	http://purl.obolibrary.org/obo/ZFA_0009033	http://purl.obolibrary.org/obo/PATO_0002001
http://purl.obolibrary.org/obo/ZP_0010209	http://purl.obolibrary.org/obo/ZFA_0000012	http://purl.obolibrary.org/obo/GO_0043209	http://purl.obolibrary.org/obo/ZFA_0009076	http://purl.obolibrary.org/obo/PATO_0002001
http://purl.obolibrary.org/obo/ZP_0025110	http://purl.obolibrary.org/obo/ZFA_0005877	http://purl.obolibrary.org/obo/GO_0030424	http://purl.obolibrary.org/obo/ZFA_0005877	http://purl.obolibrary.org/obo/PATO_0002001
http://purl.obolibrary.org/obo/ZP_0011709	http://purl.obolibrary.org/obo/ZFA_0000435	http://purl.obolibrary.org/obo/GO_0030424	http://purl.obolibrary.org/obo/ZFA_0009310	http://purl.obolibrary.org/obo/PATO_0002001
http://purl.obolibrary.org/obo/ZP_0021904	http://purl.obolibrary.org/obo/ZFA_0000101	http://purl.obolibrary.org/obo/ZFA_0009301	http://purl.obolibrary.org/obo/ZFA_0000101	http://purl.obolibrary.org/obo/PATO_0002001
http://purl.obolibrary.org/obo/ZP_0013925	http://purl.obolibrary.org/obo/ZFA_0001480	http://purl.obolibrary.org/obo/GO_0045202	http://purl.obolibrary.org/obo/ZFA_0001480	http://purl.obolibrary.org/obo/PATO_0002001
http://purl.obolibrary.org/obo/ZP_0026060	http://purl.obolibrary.org/obo/ZFA_0000014	http://purl.obolibrary.org/obo/ZFA_0009181	http://purl.obolibrary.org/obo/ZFA_0000014	http://purl.obolibrary.org/obo/PATO_0002001
http://purl.obolibrary.org/obo/ZP_0017427	http://purl.obolibrary.org/obo/ZFA_0009154	http://purl.obolibrary.org/obo/GO_0032391	http://purl.obolibrary.org/obo/ZFA_0009154	http://purl.obolibrary.org/obo/PATO_0002001
http://purl.obolibrary.org/obo/ZP_0005689	http://purl.obolibrary.org/obo/ZFA_0009117	http://purl.obolibrary.org/obo/GO_0005634	http://purl.obolibrary.org/obo/ZFA_0009117	http://purl.obolibrary.org/obo/PATO_0002001
http://purl.obolibrary.org/obo/ZP_0019414	http://purl.obolibrary.org/obo/ZFA_0009117	http://purl.obolibrary.org/obo/GO_0098723	http://purl.obolibrary.org/obo/ZFA_0009117	http://purl.obolibrary.org/obo/PATO_0002001
http://purl.obolibrary.org/obo/ZP_0019844	http://purl.obolibrary.org/obo/ZFA_0000022	http://purl.obolibrary.org/obo/GO_0031514	http://purl.obolibrary.org/obo/ZFA_0000022	http://purl.obolibrary.org/obo/PATO_0002001
http://purl.obolibrary.org/obo/ZP_0010652	http://purl.obolibrary.org/obo/ZFA_0000669	http://purl.obolibrary.org/obo/GO_0005833	http://purl.obolibrary.org/obo/ZFA_0009354	http://purl.obolibrary.org/obo/PATO_0002001
http://purl.obolibrary.org/obo/ZP_0017020	http://purl.obolibrary.org/obo/ZFA_0001114	http://purl.obolibrary.org/obo/ZFA_0009138	http://purl.obolibrary.org/obo/ZFA_0001114	http://purl.obolibrary.org/obo/PATO_0002001
http://purl.obolibrary.org/obo/ZP_0001244	http://purl.obolibrary.org/obo/ZFA_0000115	http://purl.obolibrary.org/obo/GO_0031012	http://purl.obolibrary.org/obo/ZFA_0000115	http://purl.obolibrary.org/obo/PATO_0002001
http://purl.obolibrary.org/obo/ZP_0019879	http://purl.obolibrary.org/obo/ZFA_0009398	http://purl.obolibrary.org/obo/GO_0030175	http://purl.obolibrary.org/obo/ZFA_0009398	http://purl.obolibrary.org/obo/PATO_0002001
http://purl.obolibrary.org/obo/ZP_0025956	http://purl.obolibrary.org/obo/ZFA_0009398	http://purl.obolibrary.org/obo/GO_0030027	http://purl.obolibrary.org/obo/ZFA_0009398	http://purl.obolibrary.org/obo/PATO_0002001
http://purl.obolibrary.org/obo/ZP_0018224	http://purl.obolibrary.org/obo/ZFA_0000166	http://purl.obolibrary.org/obo/GO_0060091	http://purl.obolibrary.org/obo/ZFA_0000166	http://purl.obolibrary.org/obo/PATO_0002001
http://purl.obolibrary.org/obo/ZP_0012185	http://purl.obolibrary.org/obo/ZFA_0009141	http://purl.obolibrary.org/obo/GO_0042995	http://purl.obolibrary.org/obo/ZFA_0009141	http://purl.obolibrary.org/obo/PATO_0002001
http://purl.obolibrary.org/obo/ZP_0009034	http://purl.obolibrary.org/obo/ZFA_0000242	http://purl.obolibrary.org/obo/ZFA_0009354	http://purl.obolibrary.org/obo/ZFA_0000669	http://purl.obolibrary.org/obo/PATO_0002001
http://purl.obolibrary.org/obo/ZP_0009033	http://purl.obolibrary.org/obo/ZFA_0000242	http://purl.obolibrary.org/obo/ZFA_0001287	http://purl.obolibrary.org/obo/ZFA_0000669	http://purl.obolibrary.org/obo/PATO_0002001
http://purl.obolibrary.org/obo/ZP_0009141	http://purl.obolibrary.org/obo/ZFA_0005145	http://purl.obolibrary.org/obo/GO_0016529	http://purl.obolibrary.org/obo/ZFA_0009114	http://purl.obolibrary.org/obo/PATO_0002001
http://purl.obolibrary.org/obo/ZP_0017335	http://purl.obolibrary.org/obo/ZFA_0001056	http://purl.obolibrary.org/obo/GO_0030016	http://purl.obolibrary.org/obo/ZFA_0009115	http://purl.obolibrary.org/obo/PATO_0002001
http://purl.obolibrary.org/obo/ZP_0015874	http://purl.obolibrary.org/obo/ZFA_0001056	http://purl.obolibrary.org/obo/GO_0031594	http://purl.obolibrary.org/obo/ZFA_0009115	http://purl.obolibrary.org/obo/PATO_0002001
http://purl.obolibrary.org/obo/ZP_0020521	http://purl.obolibrary.org/obo/ZFA_0001135	http://purl.obolibrary.org/obo/GO_0005929	http://purl.obolibrary.org/obo/ZFA_0001135	http://purl.obolibrary.org/obo/PATO_0002001
http://purl.obolibrary.org/obo/ZP_0005450	http://purl.obolibrary.org/obo/ZFA_0009367	http://purl.obolibrary.org/obo/GO_0060091	http://purl.obolibrary.org/obo/ZFA_0009367	http://purl.obolibrary.org/obo/PATO_0002001
http://purl.obolibrary.org/obo/ZP_0005449	http://purl.obolibrary.org/obo/ZFA_0009367	http://purl.obolibrary.org/obo/GO_0032420	http://purl.obolibrary.org/obo/ZFA_0009367	http://purl.obolibrary.org/obo/PATO_0002001
http://purl.obolibrary.org/obo/ZP_0011761	http://purl.obolibrary.org/obo/ZFA_0009076	http://purl.obolibrary.org/obo/GO_0043209	http://purl.obolibrary.org/obo/ZFA_0009076	http://purl.obolibrary.org/obo/PATO_0002001
http://purl.obolibrary.org/obo/ZP_0027193	http://purl.obolibrary.org/obo/ZFA_0000445	http://purl.obolibrary.org/obo/GO_0043005	http://purl.obolibrary.org/obo/ZFA_0000445	http://purl.obolibrary.org/obo/PATO_0002001
http://purl.obolibrary.org/obo/ZP_0020777	http://purl.obolibrary.org/obo/ZFA_0000445	http://purl.obolibrary.org/obo/GO_0043679	http://purl.obolibrary.org/obo/ZFA_0009310	http://purl.obolibrary.org/obo/PATO_0002001
http://purl.obolibrary.org/obo/ZP_0011710	http://purl.obolibrary.org/obo/ZFA_0000445	http://purl.obolibrary.org/obo/GO_0043005	http://purl.obolibrary.org/obo/ZFA_0009310	http://purl.obolibrary.org/obo/PATO_0002001
http://purl.obolibrary.org/obo/ZP_0018223	http://purl.obolibrary.org/obo/ZFA_0000051	http://purl.obolibrary.org/obo/GO_0005929	http://purl.obolibrary.org/obo/ZFA_0000051	http://purl.obolibrary.org/obo/PATO_0002001
http://purl.obolibrary.org/obo/ZP_0010833	http://purl.obolibrary.org/obo/ZFA_0000051	http://purl.obolibrary.org/obo/GO_0031514	http://purl.obolibrary.org/obo/ZFA_0000051	http://purl.obolibrary.org/obo/PATO_0002001
http://purl.obolibrary.org/obo/ZP_0017730	http://purl.obolibrary.org/obo/ZFA_0000051	http://purl.obolibrary.org/obo/ZFA_0009168	http://purl.obolibrary.org/obo/ZFA_0000051	http://purl.obolibrary.org/obo/PATO_0002001
http://purl.obolibrary.org/obo/ZP_0022734	http://purl.obolibrary.org/obo/ZFA_0001360	http://purl.obolibrary.org/obo/ZFA_0009248	http://purl.obolibrary.org/obo/ZFA_0001360	http://purl.obolibrary.org/obo/PATO_0002001
http://purl.obolibrary.org/obo/ZP_0016938	http://purl.obolibrary.org/obo/ZFA_0001306	http://purl.obolibrary.org/obo/ZFA_0009003	http://purl.obolibrary.org/obo/ZFA_0001306	http://purl.obolibrary.org/obo/PATO_0002001
http://purl.obolibrary.org/obo/ZP_0017019	http://purl.obolibrary.org/obo/ZFA_0001106	http://purl.obolibrary.org/obo/ZFA_0009138	http://purl.obolibrary.org/obo/ZFA_0001106	http://purl.obolibrary.org/obo/PATO_0002001
http://purl.obolibrary.org/obo/ZP_0020934	http://purl.obolibrary.org/obo/ZFA_0001466	http://purl.obolibrary.org/obo/GO_0097381	http://purl.obolibrary.org/obo/ZFA_0009127	http://purl.obolibrary.org/obo/PATO_0002001
http://purl.obolibrary.org/obo/ZP_0021708	http://purl.obolibrary.org/obo/ZFA_0001359	http://purl.obolibrary.org/obo/ZFA_0009127	http://purl.obolibrary.org/obo/ZFA_0001359	http://purl.obolibrary.org/obo/PATO_0002001
http://purl.obolibrary.org/obo/ZP_0021605	http://purl.obolibrary.org/obo/ZFA_0000940	http://purl.obolibrary.org/obo/GO_0098681	http://purl.obolibrary.org/obo/ZFA_0009367	http://purl.obolibrary.org/obo/PATO_0002001
http://purl.obolibrary.org/obo/ZP_0007908	http://purl.obolibrary.org/obo/ZFA_0000940	http://purl.obolibrary.org/obo/GO_0060091	http://purl.obolibrary.org/obo/ZFA_0000243	http://purl.obolibrary.org/obo/PATO_0002001
http://purl.obolibrary.org/obo/ZP_0010786	http://purl.obolibrary.org/obo/ZFA_0001157	http://purl.obolibrary.org/obo/GO_0042995	http://purl.obolibrary.org/obo/ZFA_0009000	http://purl.obolibrary.org/obo/PATO_0002001
http://purl.obolibrary.org/obo/ZP_0023215	http://purl.obolibrary.org/obo/ZFA_0001157	http://purl.obolibrary.org/obo/ZFA_0009000	http://purl.obolibrary.org/obo/ZFA_0001157	http://purl.obolibrary.org/obo/PATO_0002001
http://purl.obolibrary.org/obo/ZP_0012510	http://purl.obolibrary.org/obo/ZFA_0000059	http://purl.obolibrary.org/obo/GO_0030424	http://purl.obolibrary.org/obo/ZFA_0000059	http://purl.obolibrary.org/obo/PATO_0002001
http://purl.obolibrary.org/obo/ZP_0009151	http://purl.obolibrary.org/obo/ZFA_0009244	http://purl.obolibrary.org/obo/GO_0043005	http://purl.obolibrary.org/obo/ZFA_0009244	http://purl.obolibrary.org/obo/PATO_0002001
http://purl.obolibrary.org/obo/ZP_0010969	http://purl.obolibrary.org/obo/ZFA_0000150	http://purl.obolibrary.org/obo/GO_0005929	http://purl.obolibrary.org/obo/ZFA_0000150	http://purl.obolibrary.org/obo/PATO_0002001
http://purl.obolibrary.org/obo/ZP_0020090	http://purl.obolibrary.org/obo/ZFA_0000150	http://purl.obolibrary.org/obo/GO_0031514	http://purl.obolibrary.org/obo/ZFA_0000150	http://purl.obolibrary.org/obo/PATO_0002001
http://purl.obolibrary.org/obo/ZP_0017282	http://purl.obolibrary.org/obo/ZFA_0001673	http://purl.obolibrary.org/obo/GO_0042995	http://purl.obolibrary.org/obo/ZFA_0001673	http://purl.obolibrary.org/obo/PATO_0002001
http://purl.obolibrary.org/obo/ZP_0020024	http://purl.obolibrary.org/obo/ZFA_0001621	http://purl.obolibrary.org/obo/ZFA_0005242	http://purl.obolibrary.org/obo/ZFA_0001621	http://purl.obolibrary.org/obo/PATO_0002001
http://purl.obolibrary.org/obo/ZP_0011024	http://purl.obolibrary.org/obo/ZFA_0001558	http://purl.obolibrary.org/obo/GO_0005902	http://purl.obolibrary.org/obo/ZFA_0001558	http://purl.obolibrary.org/obo/PATO_0002001
http://purl.obolibrary.org/obo/ZP_0020020	http://purl.obolibrary.org/obo/ZFA_0000151	http://purl.obolibrary.org/obo/ZFA_0005242	http://purl.obolibrary.org/obo/ZFA_0000151	http://purl.obolibrary.org/obo/PATO_0002001
http://purl.obolibrary.org/obo/ZP_0011484	http://purl.obolibrary.org/obo/ZFA_0009292	http://purl.obolibrary.org/obo/GO_0005818	http://purl.obolibrary.org/obo/ZFA_0009292	http://purl.obolibrary.org/obo/PATO_0002001
http://purl.obolibrary.org/obo/ZP_0026133	http://purl.obolibrary.org/obo/ZFA_0001429	http://purl.obolibrary.org/obo/ZFA_0009361	http://purl.obolibrary.org/obo/ZFA_0001429	http://purl.obolibrary.org/obo/PATO_0002001
http://purl.obolibrary.org/obo/ZP_0002397	http://purl.obolibrary.org/obo/ZFA_0000152	http://purl.obolibrary.org/obo/ZFA_0009000	http://purl.obolibrary.org/obo/ZFA_0000152	http://purl.obolibrary.org/obo/PATO_0002001
http://purl.obolibrary.org/obo/ZP_0018613	http://purl.obolibrary.org/obo/ZFA_0009262	http://purl.obolibrary.org/obo/GO_0001750	http://purl.obolibrary.org/obo/ZFA_0009262	http://purl.obolibrary.org/obo/PATO_0002001
http://purl.obolibrary.org/obo/ZP_0012392	http://purl.obolibrary.org/obo/ZFA_0000119	http://purl.obolibrary.org/obo/ZFA_0009315	http://purl.obolibrary.org/obo/ZFA_0000119	http://purl.obolibrary.org/obo/PATO_0002001
http://purl.obolibrary.org/obo/ZP_0012394	http://purl.obolibrary.org/obo/ZFA_0001329	http://purl.obolibrary.org/obo/GO_0030425	http://purl.obolibrary.org/obo/ZFA_0009310	http://purl.obolibrary.org/obo/PATO_0002001
http://purl.obolibrary.org/obo/ZP_0005997	http://purl.obolibrary.org/obo/ZFA_0001330	http://purl.obolibrary.org/obo/GO_0045202	http://purl.obolibrary.org/obo/ZFA_0009248	http://purl.obolibrary.org/obo/PATO_0002001
http://purl.obolibrary.org/obo/ZP_0027151	http://purl.obolibrary.org/obo/ZFA_0000143	http://purl.obolibrary.org/obo/GO_0001750	http://purl.obolibrary.org/obo/ZFA_0009154	http://purl.obolibrary.org/obo/PATO_0002001
http://purl.obolibrary.org/obo/ZP_0019704	http://purl.obolibrary.org/obo/ZFA_0000143	http://purl.obolibrary.org/obo/ZFA_0009221	http://purl.obolibrary.org/obo/ZFA_0000143	http://purl.obolibrary.org/obo/PATO_0002001
http://purl.obolibrary.org/obo/ZP_0019703	http://purl.obolibrary.org/obo/ZFA_0000143	http://purl.obolibrary.org/obo/ZFA_0009222	http://purl.obolibrary.org/obo/ZFA_0000143	http://purl.obolibrary.org/obo/PATO_0002001
http://purl.obolibrary.org/obo/ZP_0019707	http://purl.obolibrary.org/obo/ZFA_0000143	http://purl.obolibrary.org/obo/ZFA_0009223	http://purl.obolibrary.org/obo/ZFA_0000143	http://purl.obolibrary.org/obo/PATO_0002001
http://purl.obolibrary.org/obo/ZP_0019706	http://purl.obolibrary.org/obo/ZFA_0000143	http://purl.obolibrary.org/obo/ZFA_0009224	http://purl.obolibrary.org/obo/ZFA_0000143	http://purl.obolibrary.org/obo/PATO_0002001
http://purl.obolibrary.org/obo/ZP_0021745	http://purl.obolibrary.org/obo/ZFA_0000144	http://purl.obolibrary.org/obo/GO_0042470	http://purl.obolibrary.org/obo/ZFA_0009091	http://purl.obolibrary.org/obo/PATO_0002001
http://purl.obolibrary.org/obo/ZP_0022220	http://purl.obolibrary.org/obo/ZFA_0000069	http://purl.obolibrary.org/obo/ZFA_0009052	http://purl.obolibrary.org/obo/ZFA_0000206	http://purl.obolibrary.org/obo/PATO_0002001
http://purl.obolibrary.org/obo/ZP_0009905	http://purl.obolibrary.org/obo/ZFA_0009115	http://purl.obolibrary.org/obo/GO_0032982	http://purl.obolibrary.org/obo/ZFA_0009115	http://purl.obolibrary.org/obo/PATO_0002001
http://purl.obolibrary.org/obo/ZP_0007169	http://purl.obolibrary.org/obo/ZFA_0009116	http://purl.obolibrary.org/obo/GO_0030016	http://purl.obolibrary.org/obo/ZFA_0009116	http://purl.obolibrary.org/obo/PATO_0002001
http://purl.obolibrary.org/obo/ZP_0018225	http://purl.obolibrary.org/obo/ZFA_0000075	http://purl.obolibrary.org/obo/GO_0005929	http://purl.obolibrary.org/obo/ZFA_0009033	http://purl.obolibrary.org/obo/PATO_0002001
http://purl.obolibrary.org/obo/ZP_0010210	http://purl.obolibrary.org/obo/ZFA_0000075	http://purl.obolibrary.org/obo/GO_0042995	http://purl.obolibrary.org/obo/ZFA_0009292	http://purl.obolibrary.org/obo/PATO_0002001
http://purl.obolibrary.org/obo/ZP_0025526	http://purl.obolibrary.org/obo/ZFA_0000075	http://purl.obolibrary.org/obo/GO_0045202	http://purl.obolibrary.org/obo/ZFA_0005147	http://purl.obolibrary.org/obo/PATO_0002001
http://purl.obolibrary.org/obo/ZP_0018510	http://purl.obolibrary.org/obo/ZFA_0000075	http://purl.obolibrary.org/obo/ZFA_0009010	http://purl.obolibrary.org/obo/ZFA_0000075	http://purl.obolibrary.org/obo/PATO_0002001
http://purl.obolibrary.org/obo/ZP_0011852	http://purl.obolibrary.org/obo/ZFA_0000075	http://purl.obolibrary.org/obo/ZFA_0009076	http://purl.obolibrary.org/obo/ZFA_0000075	http://purl.obolibrary.org/obo/PATO_0002001
http://purl.obolibrary.org/obo/ZP_0012032	http://purl.obolibrary.org/obo/ZFA_0000075	http://purl.obolibrary.org/obo/ZFA_0009292	http://purl.obolibrary.org/obo/ZFA_0001083	http://purl.obolibrary.org/obo/PATO_0002001
http://purl.obolibrary.org/obo/ZP_0020614	http://purl.obolibrary.org/obo/ZFA_0000588	http://purl.obolibrary.org/obo/ZFA_0009011	http://purl.obolibrary.org/obo/ZFA_0000588	http://purl.obolibrary.org/obo/PATO_0002001
http://purl.obolibrary.org/obo/ZP_0017780	http://purl.obolibrary.org/obo/ZFA_0000588	http://purl.obolibrary.org/obo/ZFA_0009168	http://purl.obolibrary.org/obo/ZFA_0000588	http://purl.obolibrary.org/obo/PATO_0002001
http://purl.obolibrary.org/obo/ZP_0017738	http://purl.obolibrary.org/obo/ZFA_0000588	http://purl.obolibrary.org/obo/ZFA_0009248	http://purl.obolibrary.org/obo/ZFA_0000588	http://purl.obolibrary.org/obo/PATO_0002001
http://purl.obolibrary.org/obo/ZP_0012271	http://purl.obolibrary.org/obo/ZFA_0005110	http://purl.obolibrary.org/obo/ZFA_0009065	http://purl.obolibrary.org/obo/ZFA_0000385	http://purl.obolibrary.org/obo/PATO_0002001
http://purl.obolibrary.org/obo/ZP_0011475	http://purl.obolibrary.org/obo/ZFA_0001115	http://purl.obolibrary.org/obo/GO_0030424	http://purl.obolibrary.org/obo/ZFA_0009052	http://purl.obolibrary.org/obo/PATO_0002001
http://purl.obolibrary.org/obo/ZP_0011474	http://purl.obolibrary.org/obo/ZFA_0001115	http://purl.obolibrary.org/obo/ZFA_0009147	http://purl.obolibrary.org/obo/ZFA_0007009	http://purl.obolibrary.org/obo/PATO_0002001
http://purl.obolibrary.org/obo/ZP_0017369	http://purl.obolibrary.org/obo/ZFA_0001115	http://purl.obolibrary.org/obo/ZFA_0009000	http://purl.obolibrary.org/obo/ZFA_0000135	http://purl.obolibrary.org/obo/PATO_0002001
http://purl.obolibrary.org/obo/ZP_0014794	http://purl.obolibrary.org/obo/ZFA_0005665	http://purl.obolibrary.org/obo/GO_0030424	http://purl.obolibrary.org/obo/ZFA_0009243	http://purl.obolibrary.org/obo/PATO_0002001
http://purl.obolibrary.org/obo/ZP_0014801	http://purl.obolibrary.org/obo/ZFA_0005665	http://purl.obolibrary.org/obo/GO_0030424	http://purl.obolibrary.org/obo/ZFA_0009247	http://purl.obolibrary.org/obo/PATO_0002001
http://purl.obolibrary.org/obo/ZP_0008627	http://purl.obolibrary.org/obo/ZFA_0001094	http://purl.obolibrary.org/obo/GO_0005833	http://purl.obolibrary.org/obo/ZFA_0009256	http://purl.obolibrary.org/obo/PATO_0002001
http://purl.obolibrary.org/obo/ZP_0006433	http://purl.obolibrary.org/obo/ZFA_0009255	http://purl.obolibrary.org/obo/GO_0045202	http://purl.obolibrary.org/obo/ZFA_0009255	http://purl.obolibrary.org/obo/PATO_0001905
http://purl.obolibrary.org/obo/ZP_0025478	http://purl.obolibrary.org/obo/ZFA_0000001	http://purl.obolibrary.org/obo/ZFA_0009034	http://purl.obolibrary.org/obo/ZFA_0000001	http://purl.obolibrary.org/obo/PATO_0001555
http://purl.obolibrary.org/obo/ZP_0023315	http://purl.obolibrary.org/obo/ZFA_0000001	http://purl.obolibrary.org/obo/GO_0031514	http://purl.obolibrary.org/obo/ZFA_0000001	http://purl.obolibrary.org/obo/PATO_0001555
http://purl.obolibrary.org/obo/ZP_0025605	http://purl.obolibrary.org/obo/ZFA_0009149	http://purl.obolibrary.org/obo/GO_0032281	http://purl.obolibrary.org/obo/ZFA_0009149	http://purl.obolibrary.org/obo/PATO_0001555
http://purl.obolibrary.org/obo/ZP_0026259	http://purl.obolibrary.org/obo/ZFA_0005604	http://purl.obolibrary.org/obo/GO_0030175	http://purl.obolibrary.org/obo/ZFA_0009065	http://purl.obolibrary.org/obo/PATO_0001555
http://purl.obolibrary.org/obo/ZP_0025109	http://purl.obolibrary.org/obo/ZFA_0005877	http://purl.obolibrary.org/obo/GO_0030424	http://purl.obolibrary.org/obo/ZFA_0005877	http://purl.obolibrary.org/obo/PATO_0001555
http://purl.obolibrary.org/obo/ZP_0024786	http://purl.obolibrary.org/obo/ZFA_0000101	http://purl.obolibrary.org/obo/ZFA_0009301	http://purl.obolibrary.org/obo/ZFA_0000101	http://purl.obolibrary.org/obo/PATO_0001555
http://purl.obolibrary.org/obo/ZP_0026059	http://purl.obolibrary.org/obo/ZFA_0000014	http://purl.obolibrary.org/obo/ZFA_0009181	http://purl.obolibrary.org/obo/ZFA_0000014	http://purl.obolibrary.org/obo/PATO_0001555
http://purl.obolibrary.org/obo/ZP_0023317	http://purl.obolibrary.org/obo/ZFA_0000022	http://purl.obolibrary.org/obo/GO_0031514	http://purl.obolibrary.org/obo/ZFA_0000022	http://purl.obolibrary.org/obo/PATO_0001555
http://purl.obolibrary.org/obo/ZP_0023686	http://purl.obolibrary.org/obo/ZFA_0000029	http://purl.obolibrary.org/obo/ZFA_0005866	http://purl.obolibrary.org/obo/ZFA_0000029	http://purl.obolibrary.org/obo/PATO_0001555
http://purl.obolibrary.org/obo/ZP_0018277	http://purl.obolibrary.org/obo/ZFA_0000166	http://purl.obolibrary.org/obo/GO_0060091	http://purl.obolibrary.org/obo/ZFA_0000166	http://purl.obolibrary.org/obo/PATO_0001555
http://purl.obolibrary.org/obo/ZP_0016867	http://purl.obolibrary.org/obo/ZFA_0001056	http://purl.obolibrary.org/obo/GO_0098522	http://purl.obolibrary.org/obo/ZFA_0009115	http://purl.obolibrary.org/obo/PATO_0001555
http://purl.obolibrary.org/obo/ZP_0026570	http://purl.obolibrary.org/obo/ZFA_0001135	http://purl.obolibrary.org/obo/GO_0005929	http://purl.obolibrary.org/obo/ZFA_0001135	http://purl.obolibrary.org/obo/PATO_0001555
http://purl.obolibrary.org/obo/ZP_0015429	http://purl.obolibrary.org/obo/ZFA_0001271	http://purl.obolibrary.org/obo/GO_0043679	http://purl.obolibrary.org/obo/ZFA_0009186	http://purl.obolibrary.org/obo/PATO_0001555
http://purl.obolibrary.org/obo/ZP_0012906	http://purl.obolibrary.org/obo/ZFA_0000554	http://purl.obolibrary.org/obo/ZFA_0009358	http://purl.obolibrary.org/obo/ZFA_0000554	http://purl.obolibrary.org/obo/PATO_0001555
http://purl.obolibrary.org/obo/ZP_0016057	http://purl.obolibrary.org/obo/ZFA_0009125	http://purl.obolibrary.org/obo/GO_0045202	http://purl.obolibrary.org/obo/ZFA_0001694	http://purl.obolibrary.org/obo/PATO_0001555
http://purl.obolibrary.org/obo/ZP_0027189	http://purl.obolibrary.org/obo/ZFA_0000445	http://purl.obolibrary.org/obo/GO_0043005	http://purl.obolibrary.org/obo/ZFA_0000445	http://purl.obolibrary.org/obo/PATO_0001555
http://purl.obolibrary.org/obo/ZP_0017731	http://purl.obolibrary.org/obo/ZFA_0000051	http://purl.obolibrary.org/obo/ZFA_0009366	http://purl.obolibrary.org/obo/ZFA_0000051	http://purl.obolibrary.org/obo/PATO_0001555
http://purl.obolibrary.org/obo/ZP_0017787	http://purl.obolibrary.org/obo/ZFA_0000051	http://purl.obolibrary.org/obo/ZFA_0009168	http://purl.obolibrary.org/obo/ZFA_0000051	http://purl.obolibrary.org/obo/PATO_0001555
http://purl.obolibrary.org/obo/ZP_0025788	http://purl.obolibrary.org/obo/ZFA_0001360	http://purl.obolibrary.org/obo/ZFA_0009248	http://purl.obolibrary.org/obo/ZFA_0001360	http://purl.obolibrary.org/obo/PATO_0001555
http://purl.obolibrary.org/obo/ZP_0025496	http://purl.obolibrary.org/obo/ZFA_0000940	http://purl.obolibrary.org/obo/ZFA_0009000	http://purl.obolibrary.org/obo/ZFA_0000940	http://purl.obolibrary.org/obo/PATO_0001555
http://purl.obolibrary.org/obo/ZP_0023780	http://purl.obolibrary.org/obo/ZFA_0001157	http://purl.obolibrary.org/obo/ZFA_0009000	http://purl.obolibrary.org/obo/ZFA_0001157	http://purl.obolibrary.org/obo/PATO_0001555
http://purl.obolibrary.org/obo/ZP_0026217	http://purl.obolibrary.org/obo/ZFA_0000150	http://purl.obolibrary.org/obo/GO_0031514	http://purl.obolibrary.org/obo/ZFA_0000150	http://purl.obolibrary.org/obo/PATO_0001555
http://purl.obolibrary.org/obo/ZP_0026153	http://purl.obolibrary.org/obo/ZFA_0001557	http://purl.obolibrary.org/obo/GO_0036053	http://purl.obolibrary.org/obo/ZFA_0005285	http://purl.obolibrary.org/obo/PATO_0001555
http://purl.obolibrary.org/obo/ZP_0025716	http://purl.obolibrary.org/obo/ZFA_0001621	http://purl.obolibrary.org/obo/ZFA_0005242	http://purl.obolibrary.org/obo/ZFA_0001621	http://purl.obolibrary.org/obo/PATO_0001555
http://purl.obolibrary.org/obo/ZP_0025840	http://purl.obolibrary.org/obo/ZFA_0001558	http://purl.obolibrary.org/obo/ZFA_0005243	http://purl.obolibrary.org/obo/ZFA_0001558	http://purl.obolibrary.org/obo/PATO_0001555
http://purl.obolibrary.org/obo/ZP_0026132	http://purl.obolibrary.org/obo/ZFA_0001429	http://purl.obolibrary.org/obo/ZFA_0009361	http://purl.obolibrary.org/obo/ZFA_0001429	http://purl.obolibrary.org/obo/PATO_0001555
http://purl.obolibrary.org/obo/ZP_0013102	http://purl.obolibrary.org/obo/ZFA_0009262	http://purl.obolibrary.org/obo/GO_0032391	http://purl.obolibrary.org/obo/ZFA_0009262	http://purl.obolibrary.org/obo/PATO_0001555
http://purl.obolibrary.org/obo/ZP_0026958	http://purl.obolibrary.org/obo/ZFA_0009262	http://purl.obolibrary.org/obo/GO_0001750	http://purl.obolibrary.org/obo/ZFA_0009262	http://purl.obolibrary.org/obo/PATO_0001555
http://purl.obolibrary.org/obo/ZP_0023850	http://purl.obolibrary.org/obo/ZFA_0000143	http://purl.obolibrary.org/obo/ZFA_0009221	http://purl.obolibrary.org/obo/ZFA_0000143	http://purl.obolibrary.org/obo/PATO_0001555
http://purl.obolibrary.org/obo/ZP_0023851	http://purl.obolibrary.org/obo/ZFA_0000143	http://purl.obolibrary.org/obo/ZFA_0009222	http://purl.obolibrary.org/obo/ZFA_0000143	http://purl.obolibrary.org/obo/PATO_0001555
http://purl.obolibrary.org/obo/ZP_0023852	http://purl.obolibrary.org/obo/ZFA_0000143	http://purl.obolibrary.org/obo/ZFA_0009223	http://purl.obolibrary.org/obo/ZFA_0000143	http://purl.obolibrary.org/obo/PATO_0001555
http://purl.obolibrary.org/obo/ZP_0023853	http://purl.obolibrary.org/obo/ZFA_0000143	http://purl.obolibrary.org/obo/ZFA_0009224	http://purl.obolibrary.org/obo/ZFA_0000143	http://purl.obolibrary.org/obo/PATO_0001555
http://purl.obolibrary.org/obo/ZP_0026089	http://purl.obolibrary.org/obo/ZFA_0009275	http://purl.obolibrary.org/obo/GO_0001750	http://purl.obolibrary.org/obo/ZFA_0009275	http://purl.obolibrary.org/obo/PATO_0001555
http://purl.obolibrary.org/obo/ZP_0025712	http://purl.obolibrary.org/obo/ZFA_0009115	http://purl.obolibrary.org/obo/GO_0005901	http://purl.obolibrary.org/obo/ZFA_0009115	http://purl.obolibrary.org/obo/PATO_0001555
http://purl.obolibrary.org/obo/ZP_0018278	http://purl.obolibrary.org/obo/ZFA_0000075	http://purl.obolibrary.org/obo/GO_0005929	http://purl.obolibrary.org/obo/ZFA_0009033	http://purl.obolibrary.org/obo/PATO_0001555
http://purl.obolibrary.org/obo/ZP_0025408	http://purl.obolibrary.org/obo/ZFA_0000075	http://purl.obolibrary.org/obo/ZFA_0009169	http://purl.obolibrary.org/obo/ZFA_0000075	http://purl.obolibrary.org/obo/PATO_0001555
http://purl.obolibrary.org/obo/ZP_0013416	http://purl.obolibrary.org/obo/ZFA_0000075	http://purl.obolibrary.org/obo/ZFA_0009052	http://purl.obolibrary.org/obo/ZFA_0000075	http://purl.obolibrary.org/obo/PATO_0001555
http://purl.obolibrary.org/obo/ZP_0017904	http://purl.obolibrary.org/obo/ZFA_0000075	http://purl.obolibrary.org/obo/ZFA_0009076	http://purl.obolibrary.org/obo/ZFA_0000075	http://purl.obolibrary.org/obo/PATO_0001555
http://purl.obolibrary.org/obo/ZP_0017798	http://purl.obolibrary.org/obo/ZFA_0000588	http://purl.obolibrary.org/obo/ZFA_0009248	http://purl.obolibrary.org/obo/ZFA_0000588	http://purl.obolibrary.org/obo/PATO_0001555
http://purl.obolibrary.org/obo/ZP_0014221	http://purl.obolibrary.org/obo/ZFA_0000711	http://purl.obolibrary.org/obo/GO_0031410	http://purl.obolibrary.org/obo/ZFA_0000711	http://purl.obolibrary.org/obo/PATO_0002270
http://purl.obolibrary.org/obo/ZP_0024248	http://purl.obolibrary.org/obo/ZFA_0000180	http://purl.obolibrary.org/obo/ZFA_0009141	http://purl.obolibrary.org/obo/ZFA_0005257	http://purl.obolibrary.org/obo/PATO_0002270
http://purl.obolibrary.org/obo/ZP_0024249	http://purl.obolibrary.org/obo/ZFA_0000180	http://purl.obolibrary.org/obo/ZFA_0009326	http://purl.obolibrary.org/obo/ZFA_0005257	http://purl.obolibrary.org/obo/PATO_0002270
http://purl.obolibrary.org/obo/ZP_0006115	http://purl.obolibrary.org/obo/ZFA_0005169	http://purl.obolibrary.org/obo/GO_0031982	http://purl.obolibrary.org/obo/ZFA_0005169	http://purl.obolibrary.org/obo/PATO_0002270
http://purl.obolibrary.org/obo/ZP_0004184	http://purl.obolibrary.org/obo/ZFA_0009256	http://purl.obolibrary.org/obo/BSPO_0000005	http://purl.obolibrary.org/obo/ZFA_0000084	http://purl.obolibrary.org/obo/PATO_0002270
http://purl.obolibrary.org/obo/ZP_0001515	http://purl.obolibrary.org/obo/ZFA_0005277	http://purl.obolibrary.org/obo/GO_0005583	http://purl.obolibrary.org/obo/ZFA_0009115	http://purl.obolibrary.org/obo/PATO_0002270
http://purl.obolibrary.org/obo/ZP_0002632	http://purl.obolibrary.org/obo/ZFA_0001205	http://purl.obolibrary.org/obo/BSPO_0000013	http://purl.obolibrary.org/obo/ZFA_0001094	http://purl.obolibrary.org/obo/PATO_0002327
http://purl.obolibrary.org/obo/ZP_0022068	http://purl.obolibrary.org/obo/ZFA_0001516	http://purl.obolibrary.org/obo/BSPO_0000013	http://purl.obolibrary.org/obo/ZFA_0001094	http://purl.obolibrary.org/obo/PATO_0002327
http://purl.obolibrary.org/obo/ZP_0023283	http://purl.obolibrary.org/obo/ZFA_0000001	http://purl.obolibrary.org/obo/GO_0031514	http://purl.obolibrary.org/obo/ZFA_0000001	http://purl.obolibrary.org/obo/PATO_0002000
http://purl.obolibrary.org/obo/ZP_0008331	http://purl.obolibrary.org/obo/ZFA_0000001	http://purl.obolibrary.org/obo/GO_0005929	http://purl.obolibrary.org/obo/ZFA_0009035	http://purl.obolibrary.org/obo/PATO_0002000
http://purl.obolibrary.org/obo/ZP_0014502	http://purl.obolibrary.org/obo/ZFA_0001108	http://purl.obolibrary.org/obo/GO_0030424	http://purl.obolibrary.org/obo/ZFA_0001108	http://purl.obolibrary.org/obo/PATO_0002000
http://purl.obolibrary.org/obo/ZP_0021045	http://purl.obolibrary.org/obo/ZFA_0001315	http://purl.obolibrary.org/obo/ZFA_0001317	http://purl.obolibrary.org/obo/ZFA_0001315	http://purl.obolibrary.org/obo/PATO_0002000
http://purl.obolibrary.org/obo/ZP_0020776	http://purl.obolibrary.org/obo/ZFA_0000022	http://purl.obolibrary.org/obo/GO_0031514	http://purl.obolibrary.org/obo/ZFA_0000022	http://purl.obolibrary.org/obo/PATO_0002000
http://purl.obolibrary.org/obo/ZP_0011362	http://purl.obolibrary.org/obo/ZFA_0000114	http://purl.obolibrary.org/obo/ZFA_0009000	http://purl.obolibrary.org/obo/ZFA_0005058	http://purl.obolibrary.org/obo/PATO_0002000
http://purl.obolibrary.org/obo/ZP_0022423	http://purl.obolibrary.org/obo/ZFA_0000029	http://purl.obolibrary.org/obo/BSPO_0000088	http://purl.obolibrary.org/obo/ZFA_0001064	http://purl.obolibrary.org/obo/PATO_0002000
http://purl.obolibrary.org/obo/ZP_0027312	http://purl.obolibrary.org/obo/ZFA_0009199	http://purl.obolibrary.org/obo/GO_0043698	http://purl.obolibrary.org/obo/ZFA_0009199	http://purl.obolibrary.org/obo/PATO_0002000
http://purl.obolibrary.org/obo/ZP_0017278	http://purl.obolibrary.org/obo/ZFA_0001056	http://purl.obolibrary.org/obo/GO_0030016	http://purl.obolibrary.org/obo/ZFA_0009115	http://purl.obolibrary.org/obo/PATO_0002000
http://purl.obolibrary.org/obo/ZP_0011598	http://purl.obolibrary.org/obo/ZFA_0001135	http://purl.obolibrary.org/obo/GO_0005930	http://purl.obolibrary.org/obo/ZFA_0001135	http://purl.obolibrary.org/obo/PATO_0002000
http://purl.obolibrary.org/obo/ZP_0016604	http://purl.obolibrary.org/obo/ZFA_0001271	http://purl.obolibrary.org/obo/GO_0043679	http://purl.obolibrary.org/obo/ZFA_0009186	http://purl.obolibrary.org/obo/PATO_0002000
http://purl.obolibrary.org/obo/ZP_0001313	http://purl.obolibrary.org/obo/ZFA_0009256	http://purl.obolibrary.org/obo/GO_0005833	http://purl.obolibrary.org/obo/ZFA_0009256	http://purl.obolibrary.org/obo/PATO_0002000
http://purl.obolibrary.org/obo/ZP_0019359	http://purl.obolibrary.org/obo/ZFA_0009127	http://purl.obolibrary.org/obo/GO_0005929	http://purl.obolibrary.org/obo/ZFA_0009127	http://purl.obolibrary.org/obo/PATO_0002000
http://purl.obolibrary.org/obo/ZP_0018608	http://purl.obolibrary.org/obo/ZFA_0001623	http://purl.obolibrary.org/obo/GO_0031514	http://purl.obolibrary.org/obo/ZFA_0001623	http://purl.obolibrary.org/obo/PATO_0002000
http://purl.obolibrary.org/obo/ZP_0005347	http://purl.obolibrary.org/obo/ZFA_0009288	http://purl.obolibrary.org/obo/GO_0032059	http://purl.obolibrary.org/obo/ZFA_0009288	http://purl.obolibrary.org/obo/PATO_0002000
http://purl.obolibrary.org/obo/ZP_0010419	http://purl.obolibrary.org/obo/ZFA_0000150	http://purl.obolibrary.org/obo/GO_0005903	http://purl.obolibrary.org/obo/ZFA_0009034	http://purl.obolibrary.org/obo/PATO_0002000
http://purl.obolibrary.org/obo/ZP_0010701	http://purl.obolibrary.org/obo/ZFA_0000150	http://purl.obolibrary.org/obo/GO_0031514	http://purl.obolibrary.org/obo/ZFA_0000150	http://purl.obolibrary.org/obo/PATO_0002000
http://purl.obolibrary.org/obo/ZP_0017879	http://purl.obolibrary.org/obo/ZFA_0001557	http://purl.obolibrary.org/obo/GO_0036057	http://purl.obolibrary.org/obo/ZFA_0001673	http://purl.obolibrary.org/obo/PATO_0002000
http://purl.obolibrary.org/obo/ZP_0024628	http://purl.obolibrary.org/obo/ZFA_0001621	http://purl.obolibrary.org/obo/ZFA_0005242	http://purl.obolibrary.org/obo/ZFA_0001621	http://purl.obolibrary.org/obo/PATO_0002000
http://purl.obolibrary.org/obo/ZP_0014364	http://purl.obolibrary.org/obo/ZFA_0000152	http://purl.obolibrary.org/obo/GO_0005902	http://purl.obolibrary.org/obo/ZFA_0000144	http://purl.obolibrary.org/obo/PATO_0002000
http://purl.obolibrary.org/obo/ZP_0012212	http://purl.obolibrary.org/obo/ZFA_0009262	http://purl.obolibrary.org/obo/GO_0001750	http://purl.obolibrary.org/obo/ZFA_0009262	http://purl.obolibrary.org/obo/PATO_0002000
http://purl.obolibrary.org/obo/ZP_0000037	http://purl.obolibrary.org/obo/ZFA_0000046	http://purl.obolibrary.org/obo/BSPO_0000084	http://purl.obolibrary.org/obo/ZFA_0000143	http://purl.obolibrary.org/obo/PATO_0002000
http://purl.obolibrary.org/obo/ZP_0007135	http://purl.obolibrary.org/obo/ZFA_0000143	http://purl.obolibrary.org/obo/GO_0001750	http://purl.obolibrary.org/obo/ZFA_0009127	http://purl.obolibrary.org/obo/PATO_0002000
http://purl.obolibrary.org/obo/ZP_0022279	http://purl.obolibrary.org/obo/ZFA_0009275	http://purl.obolibrary.org/obo/GO_0001750	http://purl.obolibrary.org/obo/ZFA_0009275	http://purl.obolibrary.org/obo/PATO_0002000
http://purl.obolibrary.org/obo/ZP_0005598	http://purl.obolibrary.org/obo/ZFA_0000075	http://purl.obolibrary.org/obo/GO_0043005	http://purl.obolibrary.org/obo/ZFA_0009052	http://purl.obolibrary.org/obo/PATO_0002000
http://purl.obolibrary.org/obo/ZP_0011472	http://purl.obolibrary.org/obo/ZFA_0000075	http://purl.obolibrary.org/obo/ZFA_0009292	http://purl.obolibrary.org/obo/ZFA_0001083	http://purl.obolibrary.org/obo/PATO_0002000
http://purl.obolibrary.org/obo/ZP_0010731	http://purl.obolibrary.org/obo/ZFA_0001094	http://purl.obolibrary.org/obo/BSPO_0000084	http://purl.obolibrary.org/obo/ZFA_0000008	http://purl.obolibrary.org/obo/PATO_0002000
http://purl.obolibrary.org/obo/ZP_0009602	http://purl.obolibrary.org/obo/ZFA_0001094	http://purl.obolibrary.org/obo/ZFA_0009248	http://purl.obolibrary.org/obo/ZFA_0000200	http://purl.obolibrary.org/obo/PATO_0002000
http://purl.obolibrary.org/obo/ZP_0005605	http://purl.obolibrary.org/obo/ZFA_0001094	http://purl.obolibrary.org/obo/GO_0043005	http://purl.obolibrary.org/obo/ZFA_0000200	http://purl.obolibrary.org/obo/PATO_0002000
http://purl.obolibrary.org/obo/ZP_0010290	http://purl.obolibrary.org/obo/ZFA_0001094	http://purl.obolibrary.org/obo/ZFA_0009248	http://purl.obolibrary.org/obo/ZFA_0001155	http://purl.obolibrary.org/obo/PATO_0002000
http://purl.obolibrary.org/obo/ZP_0017474	http://purl.obolibrary.org/obo/ZFA_0001094	http://purl.obolibrary.org/obo/GO_0044306	http://purl.obolibrary.org/obo/ZFA_0001314	http://purl.obolibrary.org/obo/PATO_0002000
http://purl.obolibrary.org/obo/ZP_0001960	http://purl.obolibrary.org/obo/ZFA_0001094	http://purl.obolibrary.org/obo/ZFA_0009248	http://purl.obolibrary.org/obo/ZFA_0001576	http://purl.obolibrary.org/obo/PATO_0002000
http://purl.obolibrary.org/obo/ZP_0005335	http://purl.obolibrary.org/obo/ZFA_0000086	http://purl.obolibrary.org/obo/GO_0005923	http://purl.obolibrary.org/obo/ZFA_0000086	http://purl.obolibrary.org/obo/PATO_0001999
http://purl.obolibrary.org/obo/ZP_0007033	http://purl.obolibrary.org/obo/ZFA_0000001	http://purl.obolibrary.org/obo/GO_0031514	http://purl.obolibrary.org/obo/ZFA_0000001	http://purl.obolibrary.org/obo/PATO_0001999
http://purl.obolibrary.org/obo/ZP_0005750	http://purl.obolibrary.org/obo/ZFA_0005179	http://purl.obolibrary.org/obo/GO_0030424	http://purl.obolibrary.org/obo/ZFA_0005179	http://purl.obolibrary.org/obo/PATO_0001999
http://purl.obolibrary.org/obo/ZP_0008028	http://purl.obolibrary.org/obo/ZFA_0000471	http://purl.obolibrary.org/obo/GO_0030018	http://purl.obolibrary.org/obo/ZFA_0009316	http://purl.obolibrary.org/obo/PATO_0001999
http://purl.obolibrary.org/obo/ZP_0008027	http://purl.obolibrary.org/obo/ZFA_0000471	http://purl.obolibrary.org/obo/GO_0030017	http://purl.obolibrary.org/obo/ZFA_0009316	http://purl.obolibrary.org/obo/PATO_0001999
http://purl.obolibrary.org/obo/ZP_0016616	http://purl.obolibrary.org/obo/ZFA_0000471	http://purl.obolibrary.org/obo/ZFA_0009000	http://purl.obolibrary.org/obo/ZFA_0001320	http://purl.obolibrary.org/obo/PATO_0001999
http://purl.obolibrary.org/obo/ZP_0003217	http://purl.obolibrary.org/obo/ZFA_0009000	http://purl.obolibrary.org/obo/GO_0030175	http://purl.obolibrary.org/obo/ZFA_0009000	http://purl.obolibrary.org/obo/PATO_0001999
http://purl.obolibrary.org/obo/ZP_0026040	http://purl.obolibrary.org/obo/ZFA_0009154	http://purl.obolibrary.org/obo/GO_0001917	http://purl.obolibrary.org/obo/ZFA_0009154	http://purl.obolibrary.org/obo/PATO_0001999
http://purl.obolibrary.org/obo/ZP_0017426	http://purl.obolibrary.org/obo/ZFA_0009154	http://purl.obolibrary.org/obo/GO_0001750	http://purl.obolibrary.org/obo/ZFA_0009154	http://purl.obolibrary.org/obo/PATO_0001999
http://purl.obolibrary.org/obo/ZP_0018337	http://purl.obolibrary.org/obo/ZFA_0001301	http://purl.obolibrary.org/obo/GO_0030424	http://purl.obolibrary.org/obo/ZFA_0001301	http://purl.obolibrary.org/obo/PATO_0001999
http://purl.obolibrary.org/obo/ZP_0001243	http://purl.obolibrary.org/obo/ZFA_0000115	http://purl.obolibrary.org/obo/GO_0031012	http://purl.obolibrary.org/obo/ZFA_0000115	http://purl.obolibrary.org/obo/PATO_0001999
http://purl.obolibrary.org/obo/ZP_0016824	http://purl.obolibrary.org/obo/ZFA_0000114	http://purl.obolibrary.org/obo/GO_0005739	http://purl.obolibrary.org/obo/ZFA_0000114	http://purl.obolibrary.org/obo/PATO_0001999
http://purl.obolibrary.org/obo/ZP_0001730	http://purl.obolibrary.org/obo/ZFA_0000671	http://purl.obolibrary.org/obo/GO_0030424	http://purl.obolibrary.org/obo/ZFA_0005180	http://purl.obolibrary.org/obo/PATO_0001999
http://purl.obolibrary.org/obo/ZP_0001731	http://purl.obolibrary.org/obo/ZFA_0000671	http://purl.obolibrary.org/obo/GO_0030424	http://purl.obolibrary.org/obo/ZFA_0009052	http://purl.obolibrary.org/obo/PATO_0001999
http://purl.obolibrary.org/obo/ZP_0003772	http://purl.obolibrary.org/obo/ZFA_0009052	http://purl.obolibrary.org/obo/GO_0030424	http://purl.obolibrary.org/obo/ZFA_0009052	http://purl.obolibrary.org/obo/PATO_0001999
http://purl.obolibrary.org/obo/ZP_0002796	http://purl.obolibrary.org/obo/ZFA_0009165	http://purl.obolibrary.org/obo/GO_0030175	http://purl.obolibrary.org/obo/ZFA_0009165	http://purl.obolibrary.org/obo/PATO_0001999
http://purl.obolibrary.org/obo/ZP_0019308	http://purl.obolibrary.org/obo/ZFA_0009367	http://purl.obolibrary.org/obo/GO_0032421	http://purl.obolibrary.org/obo/ZFA_0009367	http://purl.obolibrary.org/obo/PATO_0001999
http://purl.obolibrary.org/obo/ZP_0003034	http://purl.obolibrary.org/obo/ZFA_0000135	http://purl.obolibrary.org/obo/GO_0005791	http://purl.obolibrary.org/obo/ZFA_0009000	http://purl.obolibrary.org/obo/PATO_0001999
http://purl.obolibrary.org/obo/ZP_0010859	http://purl.obolibrary.org/obo/ZFA_0000554	http://purl.obolibrary.org/obo/ZFA_0009359	http://purl.obolibrary.org/obo/ZFA_0000554	http://purl.obolibrary.org/obo/PATO_0001999
http://purl.obolibrary.org/obo/ZP_0022494	http://purl.obolibrary.org/obo/ZFA_0000051	http://purl.obolibrary.org/obo/GO_0005929	http://purl.obolibrary.org/obo/ZFA_0007068	http://purl.obolibrary.org/obo/PATO_0001999
http://purl.obolibrary.org/obo/ZP_0008332	http://purl.obolibrary.org/obo/ZFA_0000150	http://purl.obolibrary.org/obo/GO_0005929	http://purl.obolibrary.org/obo/ZFA_0009035	http://purl.obolibrary.org/obo/PATO_0001999
http://purl.obolibrary.org/obo/ZP_0022365	http://purl.obolibrary.org/obo/ZFA_0001557	http://purl.obolibrary.org/obo/GO_0036053	http://purl.obolibrary.org/obo/ZFA_0005285	http://purl.obolibrary.org/obo/PATO_0001999
http://purl.obolibrary.org/obo/ZP_0019941	http://purl.obolibrary.org/obo/ZFA_0001557	http://purl.obolibrary.org/obo/GO_0098846	http://purl.obolibrary.org/obo/ZFA_0001673	http://purl.obolibrary.org/obo/PATO_0001999
http://purl.obolibrary.org/obo/ZP_0011030	http://purl.obolibrary.org/obo/ZFA_0001673	http://purl.obolibrary.org/obo/GO_0036057	http://purl.obolibrary.org/obo/ZFA_0001673	http://purl.obolibrary.org/obo/PATO_0001999
http://purl.obolibrary.org/obo/ZP_0020483	http://purl.obolibrary.org/obo/ZFA_0001558	http://purl.obolibrary.org/obo/ZFA_0005242	http://purl.obolibrary.org/obo/ZFA_0001558	http://purl.obolibrary.org/obo/PATO_0001999
http://purl.obolibrary.org/obo/ZP_0006080	http://purl.obolibrary.org/obo/ZFA_0000151	http://purl.obolibrary.org/obo/GO_0005902	http://purl.obolibrary.org/obo/ZFA_0009034	http://purl.obolibrary.org/obo/PATO_0001999
http://purl.obolibrary.org/obo/ZP_0002398	http://purl.obolibrary.org/obo/ZFA_0000152	http://purl.obolibrary.org/obo/GO_0005813	http://purl.obolibrary.org/obo/ZFA_0009000	http://purl.obolibrary.org/obo/PATO_0001999
http://purl.obolibrary.org/obo/ZP_0019655	http://purl.obolibrary.org/obo/ZFA_0000152	http://purl.obolibrary.org/obo/GO_0001750	http://purl.obolibrary.org/obo/ZFA_0009154	http://purl.obolibrary.org/obo/PATO_0001999
http://purl.obolibrary.org/obo/ZP_0010691	http://purl.obolibrary.org/obo/ZFA_0009310	http://purl.obolibrary.org/obo/GO_0043005	http://purl.obolibrary.org/obo/ZFA_0009310	http://purl.obolibrary.org/obo/PATO_0001999
http://purl.obolibrary.org/obo/ZP_0014536	http://purl.obolibrary.org/obo/ZFA_0009115	http://purl.obolibrary.org/obo/GO_0016528	http://purl.obolibrary.org/obo/ZFA_0009115	http://purl.obolibrary.org/obo/PATO_0001999
http://purl.obolibrary.org/obo/ZP_0008032	http://purl.obolibrary.org/obo/ZFA_0005277	http://purl.obolibrary.org/obo/GO_0030016	http://purl.obolibrary.org/obo/ZFA_0009116	http://purl.obolibrary.org/obo/PATO_0001999
http://purl.obolibrary.org/obo/ZP_0014008	http://purl.obolibrary.org/obo/ZFA_0005024	http://purl.obolibrary.org/obo/GO_0030175	http://purl.obolibrary.org/obo/ZFA_0009036	http://purl.obolibrary.org/obo/PATO_0001999
http://purl.obolibrary.org/obo/ZP_0022161	http://purl.obolibrary.org/obo/ZFA_0001094	http://purl.obolibrary.org/obo/GO_0071753	http://purl.obolibrary.org/obo/ZFA_0000007	http://purl.obolibrary.org/obo/PATO_0001999
http://purl.obolibrary.org/obo/ZP_0004572	http://purl.obolibrary.org/obo/ZFA_0001094	http://purl.obolibrary.org/obo/GO_0005833	http://purl.obolibrary.org/obo/ZFA_0009256	http://purl.obolibrary.org/obo/PATO_0001999
http://purl.obolibrary.org/obo/ZP_0017189	http://purl.obolibrary.org/obo/ZFA_0001094	http://purl.obolibrary.org/obo/GO_0043005	http://purl.obolibrary.org/obo/ZFA_0009310	http://purl.obolibrary.org/obo/PATO_0001999
http://purl.obolibrary.org/obo/ZP_0007521	http://purl.obolibrary.org/obo/ZFA_0000175	http://purl.obolibrary.org/obo/GO_0005604	http://purl.obolibrary.org/obo/ZFA_0000105	http://purl.obolibrary.org/obo/PATO_0001193
http://purl.obolibrary.org/obo/ZP_0027071	http://purl.obolibrary.org/obo/ZFA_0000435	http://purl.obolibrary.org/obo/BSPO_0000065	http://purl.obolibrary.org/obo/ZFA_0000445	http://purl.obolibrary.org/obo/PATO_0002173
http://purl.obolibrary.org/obo/ZP_0021032	http://purl.obolibrary.org/obo/ZFA_0001205	http://purl.obolibrary.org/obo/BSPO_0000013	http://purl.obolibrary.org/obo/ZFA_0001094	http://purl.obolibrary.org/obo/PATO_0000133
http://purl.obolibrary.org/obo/ZP_0005825	http://purl.obolibrary.org/obo/ZFA_0000112	http://purl.obolibrary.org/obo/BSPO_0000017	http://purl.obolibrary.org/obo/ZFA_0001094	http://purl.obolibrary.org/obo/PATO_0000133
http://purl.obolibrary.org/obo/ZP_0000466	http://purl.obolibrary.org/obo/ZFA_0000114	http://purl.obolibrary.org/obo/BSPO_0000017	http://purl.obolibrary.org/obo/ZFA_0001094	http://purl.obolibrary.org/obo/PATO_0000133
http://purl.obolibrary.org/obo/ZP_0000471	http://purl.obolibrary.org/obo/ZFA_0001338	http://purl.obolibrary.org/obo/BSPO_0000017	http://purl.obolibrary.org/obo/ZFA_0001094	http://purl.obolibrary.org/obo/PATO_0000133
http://purl.obolibrary.org/obo/ZP_0010051	http://purl.obolibrary.org/obo/ZFA_0000123	http://purl.obolibrary.org/obo/BSPO_0000017	http://purl.obolibrary.org/obo/ZFA_0001094	http://purl.obolibrary.org/obo/PATO_0000133
http://purl.obolibrary.org/obo/ZP_0010054	http://purl.obolibrary.org/obo/ZFA_0000140	http://purl.obolibrary.org/obo/BSPO_0000017	http://purl.obolibrary.org/obo/ZFA_0001094	http://purl.obolibrary.org/obo/PATO_0000133
http://purl.obolibrary.org/obo/ZP_0018142	http://purl.obolibrary.org/obo/ZFA_0001613	http://purl.obolibrary.org/obo/BSPO_0000013	http://purl.obolibrary.org/obo/ZFA_0001094	http://purl.obolibrary.org/obo/PATO_0000133
http://purl.obolibrary.org/obo/ZP_0026392	http://purl.obolibrary.org/obo/ZFA_0001558	http://purl.obolibrary.org/obo/BSPO_0000013	http://purl.obolibrary.org/obo/ZFA_0001094	http://purl.obolibrary.org/obo/PATO_0000133
http://purl.obolibrary.org/obo/ZP_0020574	http://purl.obolibrary.org/obo/ZFA_0001205	http://purl.obolibrary.org/obo/BSPO_0000013	http://purl.obolibrary.org/obo/ZFA_0001094	http://purl.obolibrary.org/obo/PATO_0002434
http://purl.obolibrary.org/obo/ZP_0020571	http://purl.obolibrary.org/obo/ZFA_0001400	http://purl.obolibrary.org/obo/BSPO_0000013	http://purl.obolibrary.org/obo/ZFA_0001094	http://purl.obolibrary.org/obo/PATO_0002434
http://purl.obolibrary.org/obo/ZP_0021031	http://purl.obolibrary.org/obo/ZFA_0001400	http://purl.obolibrary.org/obo/BSPO_0000013	http://purl.obolibrary.org/obo/ZFA_0001094	http://purl.obolibrary.org/obo/PATO_0001321
http://purl.obolibrary.org/obo/ZP_0007340	http://purl.obolibrary.org/obo/ZFA_0000115	http://purl.obolibrary.org/obo/BSPO_0000013	http://purl.obolibrary.org/obo/ZFA_0001094	http://purl.obolibrary.org/obo/PATO_0001793
http://purl.obolibrary.org/obo/ZP_0007338	http://purl.obolibrary.org/obo/ZFA_0000114	http://purl.obolibrary.org/obo/BSPO_0000013	http://purl.obolibrary.org/obo/ZFA_0001094	http://purl.obolibrary.org/obo/PATO_0001793
http://purl.obolibrary.org/obo/ZP_0007341	http://purl.obolibrary.org/obo/ZFA_0000123	http://purl.obolibrary.org/obo/BSPO_0000013	http://purl.obolibrary.org/obo/ZFA_0001094	http://purl.obolibrary.org/obo/PATO_0001793
http://purl.obolibrary.org/obo/ZP_0010390	http://purl.obolibrary.org/obo/ZFA_0000052	http://purl.obolibrary.org/obo/ZFA_0009081	http://purl.obolibrary.org/obo/ZFA_0000102	http://purl.obolibrary.org/obo/PATO_0001505
http://purl.obolibrary.org/obo/ZP_0004145	http://purl.obolibrary.org/obo/ZFA_0005286	http://purl.obolibrary.org/obo/GO_0042995	http://purl.obolibrary.org/obo/ZFA_0001673	http://purl.obolibrary.org/obo/PATO_0001772
http://purl.obolibrary.org/obo/ZP_0009843	http://purl.obolibrary.org/obo/ZFA_0001507	http://purl.obolibrary.org/obo/BSPO_0000072	http://purl.obolibrary.org/obo/ZFA_0001580	http://purl.obolibrary.org/obo/PATO_0000651
